%time,field.header.seq,field.header.stamp,field.header.frame_id,field.points0.x,field.points0.y,field.points0.z,field.points1.x,field.points1.y,field.points1.z,field.points2.x,field.points2.y,field.points2.z,field.points3.x,field.points3.y,field.points3.z,field.points4.x,field.points4.y,field.points4.z,field.points5.x,field.points5.y,field.points5.z,field.points6.x,field.points6.y,field.points6.z,field.points7.x,field.points7.y,field.points7.z,field.points8.x,field.points8.y,field.points8.z,field.points9.x,field.points9.y,field.points9.z,field.points10.x,field.points10.y,field.points10.z,field.points11.x,field.points11.y,field.points11.z,field.points12.x,field.points12.y,field.points12.z,field.points13.x,field.points13.y,field.points13.z,field.points14.x,field.points14.y,field.points14.z,field.points15.x,field.points15.y,field.points15.z
1451350913915401135,591,1451350913914839474,sonar_frame,0.0689999982715,5.1360001564,0.0,0.9020575881,1.05817043781,0.0,1.12834072113,0.643999993801,0.0,1.36254143715,0.237982541323,0.0,1.42261469364,-0.248575076461,0.0,1.58213806152,-0.90600001812,0.0,1.58212685585,-1.86864554882,0.0,0.0689999982715,-5.1360001564,0.0,0.0,0.0,0.0,0.0,0.0,0.0,0.0,0.0,0.0,0.0,0.0,0.0,0.0,0.0,0.0,0.0,0.0,0.0,0.0,0.0,0.0,0.0,0.0,0.0
1451350914015324695,592,1451350914014766880,sonar_frame,0.0689999982715,5.1360001564,0.0,0.9020575881,1.05817043781,0.0,1.12834072113,0.643999993801,0.0,1.36254143715,0.237982541323,0.0,1.4216299057,-0.248401433229,0.0,1.58213806152,-0.90600001812,0.0,1.58212685585,-1.86864554882,0.0,0.0689999982715,-5.1360001564,0.0,0.0,0.0,0.0,0.0,0.0,0.0,0.0,0.0,0.0,0.0,0.0,0.0,0.0,0.0,0.0,0.0,0.0,0.0,0.0,0.0,0.0,0.0,0.0,0.0
1451350914115525853,593,1451350914114894234,sonar_frame,0.0689999982715,5.1360001564,0.0,0.9020575881,1.05817043781,0.0,1.12834072113,0.643999993801,0.0,1.36155664921,0.23780888319,0.0,1.4216299057,-0.248401433229,0.0,1.58213806152,-0.90600001812,0.0,1.58212685585,-1.86864554882,0.0,0.0689999982715,-5.1360001564,0.0,0.0,0.0,0.0,0.0,0.0,0.0,0.0,0.0,0.0,0.0,0.0,0.0,0.0,0.0,0.0,0.0,0.0,0.0,0.0,0.0,0.0,0.0,0.0,0.0
1451350914215345330,594,1451350914214710390,sonar_frame,0.0689999982715,5.1360001564,0.0,0.9020575881,1.05817043781,0.0,1.12834072113,0.643999993801,0.0,1.36155664921,0.23780888319,0.0,1.4216299057,-0.248401433229,0.0,1.58213806152,-0.90600001812,0.0,1.58212685585,-1.86864554882,0.0,0.0689999982715,-5.1360001564,0.0,0.0,0.0,0.0,0.0,0.0,0.0,0.0,0.0,0.0,0.0,0.0,0.0,0.0,0.0,0.0,0.0,0.0,0.0,0.0,0.0,0.0,0.0,0.0,0.0
1451350914315418625,595,1451350914314689942,sonar_frame,0.0689999982715,5.1360001564,0.0,0.9020575881,1.05817043781,0.0,1.12834072113,0.643999993801,0.0,1.36155664921,0.23780888319,0.0,1.42261469364,-0.248575076461,0.0,1.58213806152,-0.90600001812,0.0,1.58212685585,-1.86864554882,0.0,0.0689999982715,-5.1360001564,0.0,0.0,0.0,0.0,0.0,0.0,0.0,0.0,0.0,0.0,0.0,0.0,0.0,0.0,0.0,0.0,0.0,0.0,0.0,0.0,0.0,0.0,0.0,0.0,0.0
1451350914415213262,596,1451350914414621030,sonar_frame,0.0689999982715,5.1360001564,0.0,0.9020575881,1.05817043781,0.0,1.12834072113,0.643999993801,0.0,1.36155664921,0.23780888319,0.0,1.42261469364,-0.248575076461,0.0,1.58213806152,-0.90600001812,0.0,1.58212685585,-1.86864554882,0.0,0.0689999982715,-5.1360001564,0.0,0.0,0.0,0.0,0.0,0.0,0.0,0.0,0.0,0.0,0.0,0.0,0.0,0.0,0.0,0.0,0.0,0.0,0.0,0.0,0.0,0.0,0.0,0.0,0.0
1451350914515060582,597,1451350914514465044,sonar_frame,0.0689999982715,5.1360001564,0.0,0.9020575881,1.05817043781,0.0,1.12834072113,0.643999993801,0.0,1.36155664921,0.23780888319,0.0,1.4216299057,-0.248401433229,0.0,1.58213806152,-0.90600001812,0.0,1.58212685585,-1.86864554882,0.0,0.0689999982715,-5.1360001564,0.0,0.0,0.0,0.0,0.0,0.0,0.0,0.0,0.0,0.0,0.0,0.0,0.0,0.0,0.0,0.0,0.0,0.0,0.0,0.0,0.0,0.0,0.0,0.0,0.0
1451350914614969913,598,1451350914614293714,sonar_frame,0.0689999982715,5.1360001564,0.0,0.9020575881,1.05817043781,0.0,1.12834072113,0.643999993801,0.0,1.36254143715,0.237982541323,0.0,1.42261469364,-0.248575076461,0.0,1.58213806152,-0.90600001812,0.0,1.58212685585,-1.86864554882,0.0,0.0689999982715,-5.1360001564,0.0,0.0,0.0,0.0,0.0,0.0,0.0,0.0,0.0,0.0,0.0,0.0,0.0,0.0,0.0,0.0,0.0,0.0,0.0,0.0,0.0,0.0,0.0,0.0,0.0
1451350914715058488,599,1451350914714368701,sonar_frame,0.0689999982715,5.1360001564,0.0,0.9020575881,1.05817043781,0.0,1.12834072113,0.643999993801,0.0,1.36155664921,0.23780888319,0.0,1.4216299057,-0.248401433229,0.0,1.58213806152,-0.90600001812,0.0,1.58212685585,-1.86864554882,0.0,0.0689999982715,-5.1360001564,0.0,0.0,0.0,0.0,0.0,0.0,0.0,0.0,0.0,0.0,0.0,0.0,0.0,0.0,0.0,0.0,0.0,0.0,0.0,0.0,0.0,0.0,0.0,0.0,0.0
1451350914815031489,600,1451350914814443723,sonar_frame,0.0689999982715,5.1360001564,0.0,0.9020575881,1.05817043781,0.0,1.12834072113,0.643999993801,0.0,1.36254143715,0.237982541323,0.0,1.4216299057,-0.248401433229,0.0,1.58213806152,-0.90600001812,0.0,1.58212685585,-1.86864554882,0.0,0.0689999982715,-5.1360001564,0.0,0.0,0.0,0.0,0.0,0.0,0.0,0.0,0.0,0.0,0.0,0.0,0.0,0.0,0.0,0.0,0.0,0.0,0.0,0.0,0.0,0.0,0.0,0.0,0.0
1451350914915209608,601,1451350914914563786,sonar_frame,0.0689999982715,5.1360001564,0.0,0.9020575881,1.05817043781,0.0,1.12834072113,0.643999993801,0.0,1.36155664921,0.23780888319,0.0,1.42261469364,-0.248575076461,0.0,1.58213806152,-0.90600001812,0.0,1.58212685585,-1.86864554882,0.0,0.0689999982715,-5.1360001564,0.0,0.0,0.0,0.0,0.0,0.0,0.0,0.0,0.0,0.0,0.0,0.0,0.0,0.0,0.0,0.0,0.0,0.0,0.0,0.0,0.0,0.0,0.0,0.0,0.0
1451350915015038268,602,1451350915014378074,sonar_frame,0.0689999982715,5.1360001564,0.0,0.9020575881,1.05817043781,0.0,1.12834072113,0.643999993801,0.0,1.36155664921,0.23780888319,0.0,1.4216299057,-0.248401433229,0.0,1.58213806152,-0.90600001812,0.0,1.58212685585,-1.86864554882,0.0,0.0689999982715,-5.1360001564,0.0,0.0,0.0,0.0,0.0,0.0,0.0,0.0,0.0,0.0,0.0,0.0,0.0,0.0,0.0,0.0,0.0,0.0,0.0,0.0,0.0,0.0,0.0,0.0,0.0
1451350915114906903,603,1451350915114249413,sonar_frame,0.0689999982715,5.1360001564,0.0,0.9020575881,1.05817043781,0.0,1.12834072113,0.643999993801,0.0,1.36254143715,0.237982541323,0.0,1.4216299057,-0.248401433229,0.0,1.58213806152,-0.90600001812,0.0,1.58212685585,-1.86864554882,0.0,0.0689999982715,-5.1360001564,0.0,0.0,0.0,0.0,0.0,0.0,0.0,0.0,0.0,0.0,0.0,0.0,0.0,0.0,0.0,0.0,0.0,0.0,0.0,0.0,0.0,0.0,0.0,0.0,0.0
1451350915215753039,604,1451350915214958849,sonar_frame,0.0689999982715,5.1360001564,0.0,0.9020575881,1.05817043781,0.0,1.12834072113,0.643999993801,0.0,1.36254143715,0.237982541323,0.0,1.42261469364,-0.248575076461,0.0,1.58213806152,-0.90600001812,0.0,1.58212685585,-1.86864554882,0.0,0.0689999982715,-5.1360001564,0.0,0.0,0.0,0.0,0.0,0.0,0.0,0.0,0.0,0.0,0.0,0.0,0.0,0.0,0.0,0.0,0.0,0.0,0.0,0.0,0.0,0.0,0.0,0.0,0.0
1451350915315897531,605,1451350915315148824,sonar_frame,0.0689999982715,5.1360001564,0.0,0.9020575881,1.05817043781,0.0,1.12834072113,0.643999993801,0.0,1.36254143715,0.237982541323,0.0,1.42261469364,-0.248575076461,0.0,1.58213806152,-0.90600001812,0.0,1.58212685585,-1.86864554882,0.0,0.0689999982715,-5.1360001564,0.0,0.0,0.0,0.0,0.0,0.0,0.0,0.0,0.0,0.0,0.0,0.0,0.0,0.0,0.0,0.0,0.0,0.0,0.0,0.0,0.0,0.0,0.0,0.0,0.0
1451350915416692177,606,1451350915415910795,sonar_frame,0.0689999982715,5.1360001564,0.0,0.9020575881,1.05817043781,0.0,1.12834072113,0.643999993801,0.0,1.36155664921,0.23780888319,0.0,1.4216299057,-0.248401433229,0.0,1.58213806152,-0.90600001812,0.0,1.58212685585,-1.86864554882,0.0,0.0689999982715,-5.1360001564,0.0,0.0,0.0,0.0,0.0,0.0,0.0,0.0,0.0,0.0,0.0,0.0,0.0,0.0,0.0,0.0,0.0,0.0,0.0,0.0,0.0,0.0,0.0,0.0,0.0
1451350915516632605,607,1451350915515847677,sonar_frame,0.0689999982715,5.1360001564,0.0,0.9020575881,1.05817043781,0.0,1.12834072113,0.643999993801,0.0,1.36155664921,0.23780888319,0.0,1.42261469364,-0.248575076461,0.0,1.58213806152,-0.90600001812,0.0,1.58212685585,-1.86864554882,0.0,0.0689999982715,-5.1360001564,0.0,0.0,0.0,0.0,0.0,0.0,0.0,0.0,0.0,0.0,0.0,0.0,0.0,0.0,0.0,0.0,0.0,0.0,0.0,0.0,0.0,0.0,0.0,0.0,0.0
1451350915616282784,608,1451350915615728929,sonar_frame,0.0689999982715,5.1360001564,0.0,0.9020575881,1.05817043781,0.0,1.12834072113,0.643999993801,0.0,1.36155664921,0.23780888319,0.0,1.4216299057,-0.248401433229,0.0,1.58213806152,-0.90600001812,0.0,1.58212685585,-1.86864554882,0.0,0.0689999982715,-5.1360001564,0.0,0.0,0.0,0.0,0.0,0.0,0.0,0.0,0.0,0.0,0.0,0.0,0.0,0.0,0.0,0.0,0.0,0.0,0.0,0.0,0.0,0.0,0.0,0.0,0.0
1451350915716660131,609,1451350915715839987,sonar_frame,0.0689999982715,5.1360001564,0.0,0.9020575881,1.05817043781,0.0,1.12834072113,0.643999993801,0.0,1.36155664921,0.23780888319,0.0,1.4216299057,-0.248401433229,0.0,1.58213806152,-0.90600001812,0.0,1.58212685585,-1.86864554882,0.0,0.0689999982715,-5.1360001564,0.0,0.0,0.0,0.0,0.0,0.0,0.0,0.0,0.0,0.0,0.0,0.0,0.0,0.0,0.0,0.0,0.0,0.0,0.0,0.0,0.0,0.0,0.0,0.0,0.0
1451350915816638231,610,1451350915815755404,sonar_frame,0.0689999982715,5.1360001564,0.0,0.9020575881,1.05817043781,0.0,1.12834072113,0.643999993801,0.0,1.36254143715,0.237982541323,0.0,1.4216299057,-0.248401433229,0.0,1.58213806152,-0.90600001812,0.0,1.58212685585,-1.86864554882,0.0,0.0689999982715,-5.1360001564,0.0,0.0,0.0,0.0,0.0,0.0,0.0,0.0,0.0,0.0,0.0,0.0,0.0,0.0,0.0,0.0,0.0,0.0,0.0,0.0,0.0,0.0,0.0,0.0,0.0
1451350915916482633,611,1451350915915673735,sonar_frame,0.0689999982715,5.1360001564,0.0,0.9020575881,1.05817043781,0.0,1.12834072113,0.643999993801,0.0,1.36155664921,0.23780888319,0.0,1.4216299057,-0.248401433229,0.0,1.58213806152,-0.90600001812,0.0,1.58212685585,-1.86864554882,0.0,0.0689999982715,-5.1360001564,0.0,0.0,0.0,0.0,0.0,0.0,0.0,0.0,0.0,0.0,0.0,0.0,0.0,0.0,0.0,0.0,0.0,0.0,0.0,0.0,0.0,0.0,0.0,0.0,0.0
1451350916016383205,612,1451350916015627849,sonar_frame,0.0689999982715,5.1360001564,0.0,0.9020575881,1.05817043781,0.0,1.12834072113,0.643999993801,0.0,1.36155664921,0.23780888319,0.0,1.4216299057,-0.248401433229,0.0,1.58213806152,-0.90600001812,0.0,1.58212685585,-1.86864554882,0.0,0.0689999982715,-5.1360001564,0.0,0.0,0.0,0.0,0.0,0.0,0.0,0.0,0.0,0.0,0.0,0.0,0.0,0.0,0.0,0.0,0.0,0.0,0.0,0.0,0.0,0.0,0.0,0.0,0.0
1451350916116579447,613,1451350916115810878,sonar_frame,0.0689999982715,5.1360001564,0.0,0.9020575881,1.05817043781,0.0,1.12834072113,0.643999993801,0.0,1.36155664921,0.23780888319,0.0,1.4216299057,-0.248401433229,0.0,1.58213806152,-0.90600001812,0.0,1.58212685585,-1.86864554882,0.0,0.0689999982715,-5.1360001564,0.0,0.0,0.0,0.0,0.0,0.0,0.0,0.0,0.0,0.0,0.0,0.0,0.0,0.0,0.0,0.0,0.0,0.0,0.0,0.0,0.0,0.0,0.0,0.0,0.0
1451350916216060511,614,1451350916215332156,sonar_frame,0.0689999982715,5.1360001564,0.0,0.9020575881,1.05817043781,0.0,1.12834072113,0.643999993801,0.0,1.36155664921,0.23780888319,0.0,1.4216299057,-0.248401433229,0.0,1.58213806152,-0.90600001812,0.0,1.58212685585,-1.86864554882,0.0,0.0689999982715,-5.1360001564,0.0,0.0,0.0,0.0,0.0,0.0,0.0,0.0,0.0,0.0,0.0,0.0,0.0,0.0,0.0,0.0,0.0,0.0,0.0,0.0,0.0,0.0,0.0,0.0,0.0
1451350916316714922,615,1451350916315965528,sonar_frame,0.0689999982715,5.1360001564,0.0,0.9020575881,1.05817043781,0.0,1.12834072113,0.643999993801,0.0,1.36254143715,0.237982541323,0.0,1.4216299057,-0.248401433229,0.0,1.58213806152,-0.90600001812,0.0,1.58212685585,-1.86864554882,0.0,0.0689999982715,-5.1360001564,0.0,0.0,0.0,0.0,0.0,0.0,0.0,0.0,0.0,0.0,0.0,0.0,0.0,0.0,0.0,0.0,0.0,0.0,0.0,0.0,0.0,0.0,0.0,0.0,0.0
1451350916417578451,616,1451350916416852932,sonar_frame,0.0689999982715,5.1360001564,0.0,0.9020575881,1.05817043781,0.0,1.12834072113,0.643999993801,0.0,1.36254143715,0.237982541323,0.0,1.42261469364,-0.248575076461,0.0,1.58213806152,-0.90600001812,0.0,1.58212685585,-1.86864554882,0.0,0.0689999982715,-5.1360001564,0.0,0.0,0.0,0.0,0.0,0.0,0.0,0.0,0.0,0.0,0.0,0.0,0.0,0.0,0.0,0.0,0.0,0.0,0.0,0.0,0.0,0.0,0.0,0.0,0.0
1451350916516729326,617,1451350916516071487,sonar_frame,0.0689999982715,5.1360001564,0.0,0.9020575881,1.05817043781,0.0,1.12834072113,0.643999993801,0.0,1.36254143715,0.237982541323,0.0,1.42261469364,-0.248575076461,0.0,1.58213806152,-0.90600001812,0.0,1.58212685585,-1.86864554882,0.0,0.0689999982715,-5.1360001564,0.0,0.0,0.0,0.0,0.0,0.0,0.0,0.0,0.0,0.0,0.0,0.0,0.0,0.0,0.0,0.0,0.0,0.0,0.0,0.0,0.0,0.0,0.0,0.0,0.0
1451350916617043472,618,1451350916616273517,sonar_frame,0.0689999982715,5.1360001564,0.0,0.9020575881,1.05817043781,0.0,1.12834072113,0.643999993801,0.0,1.36254143715,0.237982541323,0.0,1.4216299057,-0.248401433229,0.0,1.58213806152,-0.90600001812,0.0,1.58212685585,-1.86864554882,0.0,0.0689999982715,-5.1360001564,0.0,0.0,0.0,0.0,0.0,0.0,0.0,0.0,0.0,0.0,0.0,0.0,0.0,0.0,0.0,0.0,0.0,0.0,0.0,0.0,0.0,0.0,0.0,0.0,0.0
1451350916716709992,619,1451350916716126381,sonar_frame,0.0689999982715,5.1360001564,0.0,0.9020575881,1.05817043781,0.0,1.12834072113,0.643999993801,0.0,1.36155664921,0.23780888319,0.0,1.42261469364,-0.248575076461,0.0,1.58213806152,-0.90600001812,0.0,1.58212685585,-1.86864554882,0.0,0.0689999982715,-5.1360001564,0.0,0.0,0.0,0.0,0.0,0.0,0.0,0.0,0.0,0.0,0.0,0.0,0.0,0.0,0.0,0.0,0.0,0.0,0.0,0.0,0.0,0.0,0.0,0.0,0.0
1451350916816836787,620,1451350916816223552,sonar_frame,0.0689999982715,5.1360001564,0.0,0.9020575881,1.05817043781,0.0,1.12834072113,0.643999993801,0.0,1.36155664921,0.23780888319,0.0,1.4216299057,-0.248401433229,0.0,1.58213806152,-0.90600001812,0.0,1.58212685585,-1.86864554882,0.0,0.0689999982715,-5.1360001564,0.0,0.0,0.0,0.0,0.0,0.0,0.0,0.0,0.0,0.0,0.0,0.0,0.0,0.0,0.0,0.0,0.0,0.0,0.0,0.0,0.0,0.0,0.0,0.0,0.0
1451350916916823011,621,1451350916916235499,sonar_frame,0.0689999982715,5.1360001564,0.0,0.9020575881,1.05817043781,0.0,1.12834072113,0.643999993801,0.0,1.36155664921,0.23780888319,0.0,1.42261469364,-0.248575076461,0.0,1.58213806152,-0.90600001812,0.0,1.58212685585,-1.86864554882,0.0,0.0689999982715,-5.1360001564,0.0,0.0,0.0,0.0,0.0,0.0,0.0,0.0,0.0,0.0,0.0,0.0,0.0,0.0,0.0,0.0,0.0,0.0,0.0,0.0,0.0,0.0,0.0,0.0,0.0
1451350917018237987,622,1451350917016830874,sonar_frame,0.0689999982715,5.1360001564,0.0,0.9020575881,1.05817043781,0.0,1.12834072113,0.643999993801,0.0,1.36155664921,0.23780888319,0.0,1.4216299057,-0.248401433229,0.0,1.58213806152,-0.90600001812,0.0,1.58212685585,-1.86864554882,0.0,0.0689999982715,-5.1360001564,0.0,0.0,0.0,0.0,0.0,0.0,0.0,0.0,0.0,0.0,0.0,0.0,0.0,0.0,0.0,0.0,0.0,0.0,0.0,0.0,0.0,0.0,0.0,0.0,0.0
1451350917117627138,623,1451350917116931223,sonar_frame,0.0689999982715,5.1360001564,0.0,0.9020575881,1.05817043781,0.0,1.12834072113,0.643999993801,0.0,1.36155664921,0.23780888319,0.0,1.42261469364,-0.248575076461,0.0,1.58213806152,-0.90600001812,0.0,1.58212685585,-1.86864554882,0.0,0.0689999982715,-5.1360001564,0.0,0.0,0.0,0.0,0.0,0.0,0.0,0.0,0.0,0.0,0.0,0.0,0.0,0.0,0.0,0.0,0.0,0.0,0.0,0.0,0.0,0.0,0.0,0.0,0.0
1451350917218086592,624,1451350917217674295,sonar_frame,0.0689999982715,5.1360001564,0.0,0.9020575881,1.05817043781,0.0,1.12834072113,0.643999993801,0.0,1.36254143715,0.237982541323,0.0,1.4216299057,-0.248401433229,0.0,1.58213806152,-0.90600001812,0.0,1.58212685585,-1.86864554882,0.0,0.0689999982715,-5.1360001564,0.0,0.0,0.0,0.0,0.0,0.0,0.0,0.0,0.0,0.0,0.0,0.0,0.0,0.0,0.0,0.0,0.0,0.0,0.0,0.0,0.0,0.0,0.0,0.0,0.0
1451350917318010470,625,1451350917317365239,sonar_frame,0.0689999982715,5.1360001564,0.0,0.9020575881,1.05817043781,0.0,1.12834072113,0.643999993801,0.0,1.36254143715,0.237982541323,0.0,1.42261469364,-0.248575076461,0.0,1.58213806152,-0.90600001812,0.0,1.58212685585,-1.86864554882,0.0,0.0689999982715,-5.1360001564,0.0,0.0,0.0,0.0,0.0,0.0,0.0,0.0,0.0,0.0,0.0,0.0,0.0,0.0,0.0,0.0,0.0,0.0,0.0,0.0,0.0,0.0,0.0,0.0,0.0
1451350917418286358,626,1451350917417732969,sonar_frame,0.0689999982715,5.1360001564,0.0,0.9020575881,1.05817043781,0.0,1.12834072113,0.643999993801,0.0,1.36254143715,0.237982541323,0.0,1.42261469364,-0.248575076461,0.0,1.58213806152,-0.90600001812,0.0,1.58212685585,-1.86864554882,0.0,0.0689999982715,-5.1360001564,0.0,0.0,0.0,0.0,0.0,0.0,0.0,0.0,0.0,0.0,0.0,0.0,0.0,0.0,0.0,0.0,0.0,0.0,0.0,0.0,0.0,0.0,0.0,0.0,0.0
1451350917518015118,627,1451350917517471656,sonar_frame,0.0689999982715,5.1360001564,0.0,0.9020575881,1.05817043781,0.0,1.12834072113,0.643999993801,0.0,1.36155664921,0.23780888319,0.0,1.4216299057,-0.248401433229,0.0,1.58213806152,-0.90600001812,0.0,1.58212685585,-1.86864554882,0.0,0.0689999982715,-5.1360001564,0.0,0.0,0.0,0.0,0.0,0.0,0.0,0.0,0.0,0.0,0.0,0.0,0.0,0.0,0.0,0.0,0.0,0.0,0.0,0.0,0.0,0.0,0.0,0.0,0.0
1451350917618596953,628,1451350917617781416,sonar_frame,0.0689999982715,5.1360001564,0.0,0.9020575881,1.05817043781,0.0,1.12834072113,0.643999993801,0.0,1.36254143715,0.237982541323,0.0,1.42261469364,-0.248575076461,0.0,1.58213806152,-0.90600001812,0.0,1.58212685585,-1.86864554882,0.0,0.0689999982715,-5.1360001564,0.0,0.0,0.0,0.0,0.0,0.0,0.0,0.0,0.0,0.0,0.0,0.0,0.0,0.0,0.0,0.0,0.0,0.0,0.0,0.0,0.0,0.0,0.0,0.0,0.0
1451350917718663581,629,1451350917717863538,sonar_frame,0.0689999982715,5.1360001564,0.0,0.9020575881,1.05817043781,0.0,1.12834072113,0.643999993801,0.0,1.36254143715,0.237982541323,0.0,1.4216299057,-0.248401433229,0.0,1.58213806152,-0.90600001812,0.0,1.58212685585,-1.86864554882,0.0,0.0689999982715,-5.1360001564,0.0,0.0,0.0,0.0,0.0,0.0,0.0,0.0,0.0,0.0,0.0,0.0,0.0,0.0,0.0,0.0,0.0,0.0,0.0,0.0,0.0,0.0,0.0,0.0,0.0
1451350917818780141,630,1451350917817918015,sonar_frame,0.0689999982715,5.1360001564,0.0,0.9020575881,1.05817043781,0.0,1.12834072113,0.643999993801,0.0,1.36155664921,0.23780888319,0.0,1.4216299057,-0.248401433229,0.0,1.58213806152,-0.90600001812,0.0,1.58212685585,-1.86864554882,0.0,0.0689999982715,-5.1360001564,0.0,0.0,0.0,0.0,0.0,0.0,0.0,0.0,0.0,0.0,0.0,0.0,0.0,0.0,0.0,0.0,0.0,0.0,0.0,0.0,0.0,0.0,0.0,0.0,0.0
1451350917918260397,631,1451350917917747243,sonar_frame,0.0689999982715,5.1360001564,0.0,0.9020575881,1.05817043781,0.0,1.12834072113,0.643999993801,0.0,1.36155664921,0.23780888319,0.0,1.42261469364,-0.248575076461,0.0,1.58213806152,-0.90600001812,0.0,1.58212685585,-1.86864554882,0.0,0.0689999982715,-5.1360001564,0.0,0.0,0.0,0.0,0.0,0.0,0.0,0.0,0.0,0.0,0.0,0.0,0.0,0.0,0.0,0.0,0.0,0.0,0.0,0.0,0.0,0.0,0.0,0.0,0.0
1451350918018224024,632,1451350918017643923,sonar_frame,0.0689999982715,5.1360001564,0.0,0.9020575881,1.05817043781,0.0,1.12834072113,0.643999993801,0.0,1.36254143715,0.237982541323,0.0,1.4216299057,-0.248401433229,0.0,1.58213806152,-0.90600001812,0.0,1.58212685585,-1.86864554882,0.0,0.0689999982715,-5.1360001564,0.0,0.0,0.0,0.0,0.0,0.0,0.0,0.0,0.0,0.0,0.0,0.0,0.0,0.0,0.0,0.0,0.0,0.0,0.0,0.0,0.0,0.0,0.0,0.0,0.0
1451350918118607162,633,1451350918117948569,sonar_frame,0.0689999982715,5.1360001564,0.0,0.9020575881,1.05817043781,0.0,1.12834072113,0.643999993801,0.0,1.36155664921,0.23780888319,0.0,1.4216299057,-0.248401433229,0.0,1.58213806152,-0.90600001812,0.0,1.58212685585,-1.86864554882,0.0,0.0689999982715,-5.1360001564,0.0,0.0,0.0,0.0,0.0,0.0,0.0,0.0,0.0,0.0,0.0,0.0,0.0,0.0,0.0,0.0,0.0,0.0,0.0,0.0,0.0,0.0,0.0,0.0,0.0
1451350918218809246,634,1451350918218074637,sonar_frame,0.0689999982715,5.1360001564,0.0,0.9020575881,1.05817043781,0.0,1.12834072113,0.643999993801,0.0,1.36155664921,0.23780888319,0.0,1.42261469364,-0.248575076461,0.0,1.58213806152,-0.90600001812,0.0,1.58212685585,-1.86864554882,0.0,0.0689999982715,-5.1360001564,0.0,0.0,0.0,0.0,0.0,0.0,0.0,0.0,0.0,0.0,0.0,0.0,0.0,0.0,0.0,0.0,0.0,0.0,0.0,0.0,0.0,0.0,0.0,0.0,0.0
1451350918319516722,635,1451350918318860788,sonar_frame,0.0689999982715,5.1360001564,0.0,0.9020575881,1.05817043781,0.0,1.12834072113,0.643999993801,0.0,1.36155664921,0.23780888319,0.0,1.42261469364,-0.248575076461,0.0,1.58213806152,-0.90600001812,0.0,1.58212685585,-1.86864554882,0.0,0.0689999982715,-5.1360001564,0.0,0.0,0.0,0.0,0.0,0.0,0.0,0.0,0.0,0.0,0.0,0.0,0.0,0.0,0.0,0.0,0.0,0.0,0.0,0.0,0.0,0.0,0.0,0.0,0.0
1451350918419657924,636,1451350918418968547,sonar_frame,0.0689999982715,5.1360001564,0.0,0.9020575881,1.05817043781,0.0,1.12834072113,0.643999993801,0.0,1.36155664921,0.23780888319,0.0,1.4216299057,-0.248401433229,0.0,1.58213806152,-0.90600001812,0.0,1.58212685585,-1.86864554882,0.0,0.0689999982715,-5.1360001564,0.0,0.0,0.0,0.0,0.0,0.0,0.0,0.0,0.0,0.0,0.0,0.0,0.0,0.0,0.0,0.0,0.0,0.0,0.0,0.0,0.0,0.0,0.0,0.0,0.0
1451350918519742466,637,1451350918519082260,sonar_frame,0.0689999982715,5.1360001564,0.0,0.9020575881,1.05817043781,0.0,1.12834072113,0.643999993801,0.0,1.36155664921,0.23780888319,0.0,1.4216299057,-0.248401433229,0.0,1.58213806152,-0.90600001812,0.0,1.58212685585,-1.86864554882,0.0,0.0689999982715,-5.1360001564,0.0,0.0,0.0,0.0,0.0,0.0,0.0,0.0,0.0,0.0,0.0,0.0,0.0,0.0,0.0,0.0,0.0,0.0,0.0,0.0,0.0,0.0,0.0,0.0,0.0
1451350918619898409,638,1451350918619208344,sonar_frame,0.0689999982715,5.1360001564,0.0,0.9020575881,1.05817043781,0.0,1.12834072113,0.643999993801,0.0,1.36155664921,0.23780888319,0.0,1.42261469364,-0.248575076461,0.0,1.58213806152,-0.90600001812,0.0,1.58212685585,-1.86864554882,0.0,0.0689999982715,-5.1360001564,0.0,0.0,0.0,0.0,0.0,0.0,0.0,0.0,0.0,0.0,0.0,0.0,0.0,0.0,0.0,0.0,0.0,0.0,0.0,0.0,0.0,0.0,0.0,0.0,0.0
1451350918720217799,639,1451350918719896435,sonar_frame,0.0689999982715,5.1360001564,0.0,0.9020575881,1.05817043781,0.0,1.12834072113,0.643999993801,0.0,1.36254143715,0.237982541323,0.0,1.42261469364,-0.248575076461,0.0,1.58213806152,-0.90600001812,0.0,1.58212685585,-1.86864554882,0.0,0.0689999982715,-5.1360001564,0.0,0.0,0.0,0.0,0.0,0.0,0.0,0.0,0.0,0.0,0.0,0.0,0.0,0.0,0.0,0.0,0.0,0.0,0.0,0.0,0.0,0.0,0.0,0.0,0.0
1451350918820148177,640,1451350918819136308,sonar_frame,0.0689999982715,5.1360001564,0.0,0.9020575881,1.05817043781,0.0,1.12834072113,0.643999993801,0.0,1.36254143715,0.237982541323,0.0,1.42261469364,-0.248575076461,0.0,1.58213806152,-0.90600001812,0.0,1.58212685585,-1.86864554882,0.0,0.0689999982715,-5.1360001564,0.0,0.0,0.0,0.0,0.0,0.0,0.0,0.0,0.0,0.0,0.0,0.0,0.0,0.0,0.0,0.0,0.0,0.0,0.0,0.0,0.0,0.0,0.0,0.0,0.0
1451350918919938171,641,1451350918919248758,sonar_frame,0.0689999982715,5.1360001564,0.0,0.9020575881,1.05817043781,0.0,1.12834072113,0.643999993801,0.0,1.36155664921,0.23780888319,0.0,1.4216299057,-0.248401433229,0.0,1.58213806152,-0.90600001812,0.0,1.58212685585,-1.86864554882,0.0,0.0689999982715,-5.1360001564,0.0,0.0,0.0,0.0,0.0,0.0,0.0,0.0,0.0,0.0,0.0,0.0,0.0,0.0,0.0,0.0,0.0,0.0,0.0,0.0,0.0,0.0,0.0,0.0,0.0
1451350919020542432,642,1451350919019582818,sonar_frame,0.0689999982715,5.1360001564,0.0,0.9020575881,1.05817043781,0.0,1.12834072113,0.643999993801,0.0,1.36155664921,0.23780888319,0.0,1.4216299057,-0.248401433229,0.0,1.58213806152,-0.90600001812,0.0,1.58212685585,-1.86864554882,0.0,0.0689999982715,-5.1360001564,0.0,0.0,0.0,0.0,0.0,0.0,0.0,0.0,0.0,0.0,0.0,0.0,0.0,0.0,0.0,0.0,0.0,0.0,0.0,0.0,0.0,0.0,0.0,0.0,0.0
1451350919120333049,643,1451350919119675868,sonar_frame,0.0689999982715,5.1360001564,0.0,0.9020575881,1.05817043781,0.0,1.12834072113,0.643999993801,0.0,1.36254143715,0.237982541323,0.0,1.4216299057,-0.248401433229,0.0,1.58213806152,-0.90600001812,0.0,1.58212685585,-1.86864554882,0.0,0.0689999982715,-5.1360001564,0.0,0.0,0.0,0.0,0.0,0.0,0.0,0.0,0.0,0.0,0.0,0.0,0.0,0.0,0.0,0.0,0.0,0.0,0.0,0.0,0.0,0.0,0.0,0.0,0.0
1451350919221064594,644,1451350919219425090,sonar_frame,0.0689999982715,5.1360001564,0.0,0.9020575881,1.05817043781,0.0,1.12834072113,0.643999993801,0.0,1.36155664921,0.23780888319,0.0,1.4216299057,-0.248401433229,0.0,1.58213806152,-0.90600001812,0.0,1.58212685585,-1.86864554882,0.0,0.0689999982715,-5.1360001564,0.0,0.0,0.0,0.0,0.0,0.0,0.0,0.0,0.0,0.0,0.0,0.0,0.0,0.0,0.0,0.0,0.0,0.0,0.0,0.0,0.0,0.0,0.0,0.0,0.0
1451350919320614966,645,1451350919320007179,sonar_frame,0.0689999982715,5.1360001564,0.0,0.9020575881,1.05817043781,0.0,1.12834072113,0.643999993801,0.0,1.36155664921,0.23780888319,0.0,1.4216299057,-0.248401433229,0.0,1.58213806152,-0.90600001812,0.0,1.58212685585,-1.86864554882,0.0,0.0689999982715,-5.1360001564,0.0,0.0,0.0,0.0,0.0,0.0,0.0,0.0,0.0,0.0,0.0,0.0,0.0,0.0,0.0,0.0,0.0,0.0,0.0,0.0,0.0,0.0,0.0,0.0,0.0
1451350919420987027,646,1451350919420103133,sonar_frame,0.0689999982715,5.1360001564,0.0,0.9020575881,1.05817043781,0.0,1.12834072113,0.643999993801,0.0,1.36155664921,0.23780888319,0.0,1.4216299057,-0.248401433229,0.0,1.58213806152,-0.90600001812,0.0,1.58212685585,-1.86864554882,0.0,0.0689999982715,-5.1360001564,0.0,0.0,0.0,0.0,0.0,0.0,0.0,0.0,0.0,0.0,0.0,0.0,0.0,0.0,0.0,0.0,0.0,0.0,0.0,0.0,0.0,0.0,0.0,0.0,0.0
1451350919521968912,647,1451350919520448611,sonar_frame,0.0689999982715,5.1360001564,0.0,0.9020575881,1.05817043781,0.0,1.12834072113,0.643999993801,0.0,1.36155664921,0.23780888319,0.0,1.4216299057,-0.248401433229,0.0,1.58213806152,-0.90600001812,0.0,1.58212685585,-1.86864554882,0.0,0.0689999982715,-5.1360001564,0.0,0.0,0.0,0.0,0.0,0.0,0.0,0.0,0.0,0.0,0.0,0.0,0.0,0.0,0.0,0.0,0.0,0.0,0.0,0.0,0.0,0.0,0.0,0.0,0.0
1451350919620906158,648,1451350919620354321,sonar_frame,0.0689999982715,5.1360001564,0.0,0.9020575881,1.05817043781,0.0,1.12834072113,0.643999993801,0.0,1.36254143715,0.237982541323,0.0,1.4216299057,-0.248401433229,0.0,1.58213806152,-0.90600001812,0.0,1.58212685585,-1.86864554882,0.0,0.0689999982715,-5.1360001564,0.0,0.0,0.0,0.0,0.0,0.0,0.0,0.0,0.0,0.0,0.0,0.0,0.0,0.0,0.0,0.0,0.0,0.0,0.0,0.0,0.0,0.0,0.0,0.0,0.0
1451350919721421384,649,1451350919720772061,sonar_frame,0.0689999982715,5.1360001564,0.0,0.9020575881,1.05817043781,0.0,1.12834072113,0.643999993801,0.0,1.36254143715,0.237982541323,0.0,1.4216299057,-0.248401433229,0.0,1.58213806152,-0.90600001812,0.0,1.58212685585,-1.86864554882,0.0,0.0689999982715,-5.1360001564,0.0,0.0,0.0,0.0,0.0,0.0,0.0,0.0,0.0,0.0,0.0,0.0,0.0,0.0,0.0,0.0,0.0,0.0,0.0,0.0,0.0,0.0,0.0,0.0,0.0
1451350919821206100,650,1451350919820334053,sonar_frame,0.0689999982715,5.1360001564,0.0,0.9020575881,1.05817043781,0.0,1.12834072113,0.643999993801,0.0,1.36254143715,0.237982541323,0.0,1.4216299057,-0.248401433229,0.0,1.58213806152,-0.90600001812,0.0,1.58212685585,-1.86864554882,0.0,0.0689999982715,-5.1360001564,0.0,0.0,0.0,0.0,0.0,0.0,0.0,0.0,0.0,0.0,0.0,0.0,0.0,0.0,0.0,0.0,0.0,0.0,0.0,0.0,0.0,0.0,0.0,0.0,0.0
1451350919921541049,651,1451350919920745021,sonar_frame,0.0689999982715,5.1360001564,0.0,0.9020575881,1.05817043781,0.0,1.12834072113,0.643999993801,0.0,1.36254143715,0.237982541323,0.0,1.4216299057,-0.248401433229,0.0,1.58213806152,-0.90600001812,0.0,1.58212685585,-1.86864554882,0.0,0.0689999982715,-5.1360001564,0.0,0.0,0.0,0.0,0.0,0.0,0.0,0.0,0.0,0.0,0.0,0.0,0.0,0.0,0.0,0.0,0.0,0.0,0.0,0.0,0.0,0.0,0.0,0.0,0.0
1451350920021173304,652,1451350920020459617,sonar_frame,0.0689999982715,5.1360001564,0.0,0.9020575881,1.05817043781,0.0,1.12834072113,0.643999993801,0.0,1.36155664921,0.23780888319,0.0,1.4216299057,-0.248401433229,0.0,1.58213806152,-0.90600001812,0.0,1.58212685585,-1.86864554882,0.0,0.0689999982715,-5.1360001564,0.0,0.0,0.0,0.0,0.0,0.0,0.0,0.0,0.0,0.0,0.0,0.0,0.0,0.0,0.0,0.0,0.0,0.0,0.0,0.0,0.0,0.0,0.0,0.0,0.0
1451350920121071124,653,1451350920120311752,sonar_frame,0.0689999982715,5.1360001564,0.0,0.9020575881,1.05817043781,0.0,1.12834072113,0.643999993801,0.0,1.36155664921,0.23780888319,0.0,1.4216299057,-0.248401433229,0.0,1.58213806152,-0.90600001812,0.0,1.58212685585,-1.86864554882,0.0,0.0689999982715,-5.1360001564,0.0,0.0,0.0,0.0,0.0,0.0,0.0,0.0,0.0,0.0,0.0,0.0,0.0,0.0,0.0,0.0,0.0,0.0,0.0,0.0,0.0,0.0,0.0,0.0,0.0
1451350920221378382,654,1451350920220694725,sonar_frame,0.0689999982715,5.1360001564,0.0,0.9020575881,1.05817043781,0.0,1.12834072113,0.643999993801,0.0,1.36155664921,0.23780888319,0.0,1.42261469364,-0.248575076461,0.0,1.58213806152,-0.90600001812,0.0,1.58212685585,-1.86864554882,0.0,0.0689999982715,-5.1360001564,0.0,0.0,0.0,0.0,0.0,0.0,0.0,0.0,0.0,0.0,0.0,0.0,0.0,0.0,0.0,0.0,0.0,0.0,0.0,0.0,0.0,0.0,0.0,0.0,0.0
1451350920321651184,655,1451350920320868819,sonar_frame,0.0689999982715,5.1360001564,0.0,0.9020575881,1.05817043781,0.0,1.12834072113,0.643999993801,0.0,1.36155664921,0.23780888319,0.0,1.4216299057,-0.248401433229,0.0,1.58213806152,-0.90600001812,0.0,1.58212685585,-1.86864554882,0.0,0.0689999982715,-5.1360001564,0.0,0.0,0.0,0.0,0.0,0.0,0.0,0.0,0.0,0.0,0.0,0.0,0.0,0.0,0.0,0.0,0.0,0.0,0.0,0.0,0.0,0.0,0.0,0.0,0.0
1451350920421264298,656,1451350920420600096,sonar_frame,0.0689999982715,5.1360001564,0.0,0.9020575881,1.05817043781,0.0,1.12834072113,0.643999993801,0.0,1.36155664921,0.23780888319,0.0,1.4216299057,-0.248401433229,0.0,1.58213806152,-0.90600001812,0.0,1.58212685585,-1.86864554882,0.0,0.0689999982715,-5.1360001564,0.0,0.0,0.0,0.0,0.0,0.0,0.0,0.0,0.0,0.0,0.0,0.0,0.0,0.0,0.0,0.0,0.0,0.0,0.0,0.0,0.0,0.0,0.0,0.0,0.0
1451350920521105419,657,1451350920520497450,sonar_frame,0.0689999982715,5.1360001564,0.0,0.9020575881,1.05817043781,0.0,1.12834072113,0.643999993801,0.0,1.36254143715,0.237982541323,0.0,1.4216299057,-0.248401433229,0.0,1.58213806152,-0.90600001812,0.0,1.58212685585,-1.86864554882,0.0,0.0689999982715,-5.1360001564,0.0,0.0,0.0,0.0,0.0,0.0,0.0,0.0,0.0,0.0,0.0,0.0,0.0,0.0,0.0,0.0,0.0,0.0,0.0,0.0,0.0,0.0,0.0,0.0,0.0
1451350920621531829,658,1451350920620796962,sonar_frame,0.0689999982715,5.1360001564,0.0,0.9020575881,1.05817043781,0.0,1.12834072113,0.643999993801,0.0,1.36155664921,0.23780888319,0.0,1.4216299057,-0.248401433229,0.0,1.58213806152,-0.90600001812,0.0,1.58212685585,-1.86864554882,0.0,0.0689999982715,-5.1360001564,0.0,0.0,0.0,0.0,0.0,0.0,0.0,0.0,0.0,0.0,0.0,0.0,0.0,0.0,0.0,0.0,0.0,0.0,0.0,0.0,0.0,0.0,0.0,0.0,0.0
1451350920720907471,659,1451350920720208872,sonar_frame,0.0689999982715,5.1360001564,0.0,0.9020575881,1.05817043781,0.0,1.12834072113,0.643999993801,0.0,1.36155664921,0.23780888319,0.0,1.4216299057,-0.248401433229,0.0,1.58213806152,-0.90600001812,0.0,1.58212685585,-1.86864554882,0.0,0.0689999982715,-5.1360001564,0.0,0.0,0.0,0.0,0.0,0.0,0.0,0.0,0.0,0.0,0.0,0.0,0.0,0.0,0.0,0.0,0.0,0.0,0.0,0.0,0.0,0.0,0.0,0.0,0.0
1451350920821409101,660,1451350920820758009,sonar_frame,0.0689999982715,5.1360001564,0.0,0.9020575881,1.05817043781,0.0,1.12834072113,0.643999993801,0.0,1.36254143715,0.237982541323,0.0,1.4216299057,-0.248401433229,0.0,1.58213806152,-0.90600001812,0.0,1.58212685585,-1.86864554882,0.0,0.0689999982715,-5.1360001564,0.0,0.0,0.0,0.0,0.0,0.0,0.0,0.0,0.0,0.0,0.0,0.0,0.0,0.0,0.0,0.0,0.0,0.0,0.0,0.0,0.0,0.0,0.0,0.0,0.0
1451350920921050217,661,1451350920920364046,sonar_frame,0.0689999982715,5.1360001564,0.0,0.9020575881,1.05817043781,0.0,1.12834072113,0.643999993801,0.0,1.36155664921,0.23780888319,0.0,1.4216299057,-0.248401433229,0.0,1.58213806152,-0.90600001812,0.0,1.58212685585,-1.86864554882,0.0,0.0689999982715,-5.1360001564,0.0,0.0,0.0,0.0,0.0,0.0,0.0,0.0,0.0,0.0,0.0,0.0,0.0,0.0,0.0,0.0,0.0,0.0,0.0,0.0,0.0,0.0,0.0,0.0,0.0
1451350921021617755,662,1451350921020953551,sonar_frame,0.0689999982715,5.1360001564,0.0,0.9020575881,1.05817043781,0.0,1.12834072113,0.643999993801,0.0,1.36155664921,0.23780888319,0.0,1.4216299057,-0.248401433229,0.0,1.58213806152,-0.90600001812,0.0,1.58212685585,-1.86864554882,0.0,0.0689999982715,-5.1360001564,0.0,0.0,0.0,0.0,0.0,0.0,0.0,0.0,0.0,0.0,0.0,0.0,0.0,0.0,0.0,0.0,0.0,0.0,0.0,0.0,0.0,0.0,0.0,0.0,0.0
1451350921121851695,663,1451350921120883990,sonar_frame,0.0689999982715,5.1360001564,0.0,0.9020575881,1.05817043781,0.0,1.12834072113,0.643999993801,0.0,1.36155664921,0.23780888319,0.0,1.4216299057,-0.248401433229,0.0,1.58213806152,-0.90600001812,0.0,1.58212685585,-1.86864554882,0.0,0.0689999982715,-5.1360001564,0.0,0.0,0.0,0.0,0.0,0.0,0.0,0.0,0.0,0.0,0.0,0.0,0.0,0.0,0.0,0.0,0.0,0.0,0.0,0.0,0.0,0.0,0.0,0.0,0.0
1451350921221304172,664,1451350921220657824,sonar_frame,0.0689999982715,5.1360001564,0.0,0.9020575881,1.05817043781,0.0,1.12834072113,0.643999993801,0.0,1.36155664921,0.23780888319,0.0,1.4216299057,-0.248401433229,0.0,1.58213806152,-0.90600001812,0.0,1.58212685585,-1.86864554882,0.0,0.0689999982715,-5.1360001564,0.0,0.0,0.0,0.0,0.0,0.0,0.0,0.0,0.0,0.0,0.0,0.0,0.0,0.0,0.0,0.0,0.0,0.0,0.0,0.0,0.0,0.0,0.0,0.0,0.0
1451350921321030436,665,1451350921320241834,sonar_frame,0.0689999982715,5.1360001564,0.0,0.9020575881,1.05817043781,0.0,1.12834072113,0.643999993801,0.0,1.36254143715,0.237982541323,0.0,1.4216299057,-0.248401433229,0.0,1.58213806152,-0.90600001812,0.0,1.58212685585,-1.86864554882,0.0,0.0689999982715,-5.1360001564,0.0,0.0,0.0,0.0,0.0,0.0,0.0,0.0,0.0,0.0,0.0,0.0,0.0,0.0,0.0,0.0,0.0,0.0,0.0,0.0,0.0,0.0,0.0,0.0,0.0
1451350921421827480,666,1451350921420823818,sonar_frame,0.0689999982715,5.1360001564,0.0,0.9020575881,1.05817043781,0.0,1.12834072113,0.643999993801,0.0,1.36155664921,0.23780888319,0.0,1.4216299057,-0.248401433229,0.0,1.58213806152,-0.90600001812,0.0,1.58212685585,-1.86864554882,0.0,0.0689999982715,-5.1360001564,0.0,0.0,0.0,0.0,0.0,0.0,0.0,0.0,0.0,0.0,0.0,0.0,0.0,0.0,0.0,0.0,0.0,0.0,0.0,0.0,0.0,0.0,0.0,0.0,0.0
1451350921521786432,667,1451350921520712843,sonar_frame,0.0689999982715,5.1360001564,0.0,0.9020575881,1.05817043781,0.0,1.12834072113,0.643999993801,0.0,1.36254143715,0.237982541323,0.0,1.4216299057,-0.248401433229,0.0,1.58213806152,-0.90600001812,0.0,1.58212685585,-1.86864554882,0.0,0.0689999982715,-5.1360001564,0.0,0.0,0.0,0.0,0.0,0.0,0.0,0.0,0.0,0.0,0.0,0.0,0.0,0.0,0.0,0.0,0.0,0.0,0.0,0.0,0.0,0.0,0.0,0.0,0.0
1451350921620988979,668,1451350921620380784,sonar_frame,0.0689999982715,5.1360001564,0.0,0.9020575881,1.05817043781,0.0,1.12834072113,0.643999993801,0.0,1.36254143715,0.237982541323,0.0,1.42261469364,-0.248575076461,0.0,1.58213806152,-0.90600001812,0.0,1.58212685585,-1.86864554882,0.0,0.0689999982715,-5.1360001564,0.0,0.0,0.0,0.0,0.0,0.0,0.0,0.0,0.0,0.0,0.0,0.0,0.0,0.0,0.0,0.0,0.0,0.0,0.0,0.0,0.0,0.0,0.0,0.0,0.0
1451350921720686195,669,1451350921720132613,sonar_frame,0.0689999982715,5.1360001564,0.0,0.9020575881,1.05817043781,0.0,1.12834072113,0.643999993801,0.0,1.36254143715,0.237982541323,0.0,1.4216299057,-0.248401433229,0.0,1.58213806152,-0.90600001812,0.0,1.58212685585,-1.86864554882,0.0,0.0689999982715,-5.1360001564,0.0,0.0,0.0,0.0,0.0,0.0,0.0,0.0,0.0,0.0,0.0,0.0,0.0,0.0,0.0,0.0,0.0,0.0,0.0,0.0,0.0,0.0,0.0,0.0,0.0
1451350921821451278,670,1451350921820866133,sonar_frame,0.0689999982715,5.1360001564,0.0,0.9020575881,1.05817043781,0.0,1.12834072113,0.643999993801,0.0,1.36254143715,0.237982541323,0.0,1.4216299057,-0.248401433229,0.0,1.58213806152,-0.90600001812,0.0,1.58212685585,-1.86864554882,0.0,0.0689999982715,-5.1360001564,0.0,0.0,0.0,0.0,0.0,0.0,0.0,0.0,0.0,0.0,0.0,0.0,0.0,0.0,0.0,0.0,0.0,0.0,0.0,0.0,0.0,0.0,0.0,0.0,0.0
1451350921921037894,671,1451350921920288778,sonar_frame,0.0689999982715,5.1360001564,0.0,0.9020575881,1.05817043781,0.0,1.12834072113,0.643999993801,0.0,1.36155664921,0.23780888319,0.0,1.42261469364,-0.248575076461,0.0,1.58213806152,-0.90600001812,0.0,1.58212685585,-1.86864554882,0.0,0.0689999982715,-5.1360001564,0.0,0.0,0.0,0.0,0.0,0.0,0.0,0.0,0.0,0.0,0.0,0.0,0.0,0.0,0.0,0.0,0.0,0.0,0.0,0.0,0.0,0.0,0.0,0.0,0.0
1451350922021864467,672,1451350922020802786,sonar_frame,0.0689999982715,5.1360001564,0.0,0.9020575881,1.05817043781,0.0,1.12834072113,0.643999993801,0.0,1.36155664921,0.23780888319,0.0,1.4216299057,-0.248401433229,0.0,1.58213806152,-0.90600001812,0.0,1.58212685585,-1.86864554882,0.0,0.0689999982715,-5.1360001564,0.0,0.0,0.0,0.0,0.0,0.0,0.0,0.0,0.0,0.0,0.0,0.0,0.0,0.0,0.0,0.0,0.0,0.0,0.0,0.0,0.0,0.0,0.0,0.0,0.0
1451350922120855734,673,1451350922120156075,sonar_frame,0.0689999982715,5.1360001564,0.0,0.9020575881,1.05817043781,0.0,1.12834072113,0.643999993801,0.0,1.36155664921,0.23780888319,0.0,1.4216299057,-0.248401433229,0.0,1.58213806152,-0.90600001812,0.0,1.58212685585,-1.86864554882,0.0,0.0689999982715,-5.1360001564,0.0,0.0,0.0,0.0,0.0,0.0,0.0,0.0,0.0,0.0,0.0,0.0,0.0,0.0,0.0,0.0,0.0,0.0,0.0,0.0,0.0,0.0,0.0,0.0,0.0
1451350922221710452,674,1451350922220734129,sonar_frame,0.0689999982715,5.1360001564,0.0,0.9020575881,1.05817043781,0.0,1.12834072113,0.643999993801,0.0,1.36254143715,0.237982541323,0.0,1.42261469364,-0.248575076461,0.0,1.58213806152,-0.90600001812,0.0,1.58212685585,-1.86864554882,0.0,0.0689999982715,-5.1360001564,0.0,0.0,0.0,0.0,0.0,0.0,0.0,0.0,0.0,0.0,0.0,0.0,0.0,0.0,0.0,0.0,0.0,0.0,0.0,0.0,0.0,0.0,0.0,0.0,0.0
1451350922321539838,675,1451350922320508198,sonar_frame,0.0689999982715,5.1360001564,0.0,0.9020575881,1.05817043781,0.0,1.12834072113,0.643999993801,0.0,1.36155664921,0.23780888319,0.0,1.4216299057,-0.248401433229,0.0,1.58213806152,-0.90600001812,0.0,1.58212685585,-1.86864554882,0.0,0.0689999982715,-5.1360001564,0.0,0.0,0.0,0.0,0.0,0.0,0.0,0.0,0.0,0.0,0.0,0.0,0.0,0.0,0.0,0.0,0.0,0.0,0.0,0.0,0.0,0.0,0.0,0.0,0.0
1451350922421861372,676,1451350922420935308,sonar_frame,0.0689999982715,5.1360001564,0.0,0.9020575881,1.05817043781,0.0,1.12834072113,0.643999993801,0.0,1.36155664921,0.23780888319,0.0,1.42261469364,-0.248575076461,0.0,1.58213806152,-0.90600001812,0.0,1.58212685585,-1.86864554882,0.0,0.0689999982715,-5.1360001564,0.0,0.0,0.0,0.0,0.0,0.0,0.0,0.0,0.0,0.0,0.0,0.0,0.0,0.0,0.0,0.0,0.0,0.0,0.0,0.0,0.0,0.0,0.0,0.0,0.0
1451350922522564040,677,1451350922521637226,sonar_frame,0.0689999982715,5.1360001564,0.0,0.9020575881,1.05817043781,0.0,1.12834072113,0.643999993801,0.0,1.36254143715,0.237982541323,0.0,1.4216299057,-0.248401433229,0.0,1.58213806152,-0.90600001812,0.0,1.58212685585,-1.86864554882,0.0,0.0689999982715,-5.1360001564,0.0,0.0,0.0,0.0,0.0,0.0,0.0,0.0,0.0,0.0,0.0,0.0,0.0,0.0,0.0,0.0,0.0,0.0,0.0,0.0,0.0,0.0,0.0,0.0,0.0
1451350922622136518,678,1451350922621285545,sonar_frame,0.0689999982715,5.1360001564,0.0,0.9020575881,1.05817043781,0.0,1.12834072113,0.643999993801,0.0,1.36254143715,0.237982541323,0.0,1.4216299057,-0.248401433229,0.0,1.58213806152,-0.90600001812,0.0,1.58212685585,-1.86864554882,0.0,0.0689999982715,-5.1360001564,0.0,0.0,0.0,0.0,0.0,0.0,0.0,0.0,0.0,0.0,0.0,0.0,0.0,0.0,0.0,0.0,0.0,0.0,0.0,0.0,0.0,0.0,0.0,0.0,0.0
1451350922722389418,679,1451350922721783082,sonar_frame,0.0689999982715,5.1360001564,0.0,0.9020575881,1.05817043781,0.0,1.12834072113,0.643999993801,0.0,1.36254143715,0.237982541323,0.0,1.4216299057,-0.248401433229,0.0,1.58213806152,-0.90600001812,0.0,1.58212685585,-1.86864554882,0.0,0.0689999982715,-5.1360001564,0.0,0.0,0.0,0.0,0.0,0.0,0.0,0.0,0.0,0.0,0.0,0.0,0.0,0.0,0.0,0.0,0.0,0.0,0.0,0.0,0.0,0.0,0.0,0.0,0.0
1451350922822413203,680,1451350922821638221,sonar_frame,0.0689999982715,5.1360001564,0.0,0.9020575881,1.05817043781,0.0,1.12834072113,0.643999993801,0.0,1.36254143715,0.237982541323,0.0,1.4216299057,-0.248401433229,0.0,1.58213806152,-0.90600001812,0.0,1.58212685585,-1.86864554882,0.0,0.0689999982715,-5.1360001564,0.0,0.0,0.0,0.0,0.0,0.0,0.0,0.0,0.0,0.0,0.0,0.0,0.0,0.0,0.0,0.0,0.0,0.0,0.0,0.0,0.0,0.0,0.0,0.0,0.0
1451350922921954610,681,1451350922921121777,sonar_frame,0.0689999982715,5.1360001564,0.0,0.9020575881,1.05817043781,0.0,1.12834072113,0.643999993801,0.0,1.36254143715,0.237982541323,0.0,1.42261469364,-0.248575076461,0.0,1.58213806152,-0.90600001812,0.0,1.58212685585,-1.86864554882,0.0,0.0689999982715,-5.1360001564,0.0,0.0,0.0,0.0,0.0,0.0,0.0,0.0,0.0,0.0,0.0,0.0,0.0,0.0,0.0,0.0,0.0,0.0,0.0,0.0,0.0,0.0,0.0,0.0,0.0
1451350923022308734,682,1451350923021798955,sonar_frame,0.0689999982715,5.1360001564,0.0,0.9020575881,1.05817043781,0.0,1.12834072113,0.643999993801,0.0,1.36254143715,0.237982541323,0.0,1.4216299057,-0.248401433229,0.0,1.58213806152,-0.90600001812,0.0,1.58212685585,-1.86864554882,0.0,0.0689999982715,-5.1360001564,0.0,0.0,0.0,0.0,0.0,0.0,0.0,0.0,0.0,0.0,0.0,0.0,0.0,0.0,0.0,0.0,0.0,0.0,0.0,0.0,0.0,0.0,0.0,0.0,0.0
1451350923121958764,683,1451350923121320388,sonar_frame,0.0689999982715,5.1360001564,0.0,0.9020575881,1.05817043781,0.0,1.12834072113,0.643999993801,0.0,1.36254143715,0.237982541323,0.0,1.4216299057,-0.248401433229,0.0,1.58213806152,-0.90600001812,0.0,1.58212685585,-1.86864554882,0.0,0.0689999982715,-5.1360001564,0.0,0.0,0.0,0.0,0.0,0.0,0.0,0.0,0.0,0.0,0.0,0.0,0.0,0.0,0.0,0.0,0.0,0.0,0.0,0.0,0.0,0.0,0.0,0.0,0.0
1451350923222650510,684,1451350923221842288,sonar_frame,0.0689999982715,5.1360001564,0.0,0.9020575881,1.05817043781,0.0,1.12834072113,0.643999993801,0.0,1.36254143715,0.237982541323,0.0,1.4216299057,-0.248401433229,0.0,1.58213806152,-0.90600001812,0.0,1.58212685585,-1.86864554882,0.0,0.0689999982715,-5.1360001564,0.0,0.0,0.0,0.0,0.0,0.0,0.0,0.0,0.0,0.0,0.0,0.0,0.0,0.0,0.0,0.0,0.0,0.0,0.0,0.0,0.0,0.0,0.0,0.0,0.0
1451350923323432214,685,1451350923321673640,sonar_frame,0.0689999982715,5.1360001564,0.0,0.9020575881,1.05817043781,0.0,1.12834072113,0.643999993801,0.0,1.36155664921,0.23780888319,0.0,1.42261469364,-0.248575076461,0.0,1.58213806152,-0.90600001812,0.0,1.58212685585,-1.86864554882,0.0,0.0689999982715,-5.1360001564,0.0,0.0,0.0,0.0,0.0,0.0,0.0,0.0,0.0,0.0,0.0,0.0,0.0,0.0,0.0,0.0,0.0,0.0,0.0,0.0,0.0,0.0,0.0,0.0,0.0
1451350923422380016,686,1451350923421708478,sonar_frame,0.0689999982715,5.1360001564,0.0,0.9020575881,1.05817043781,0.0,1.12834072113,0.643999993801,0.0,1.36155664921,0.23780888319,0.0,1.4216299057,-0.248401433229,0.0,1.58213806152,-0.90600001812,0.0,1.58212685585,-1.86864554882,0.0,0.0689999982715,-5.1360001564,0.0,0.0,0.0,0.0,0.0,0.0,0.0,0.0,0.0,0.0,0.0,0.0,0.0,0.0,0.0,0.0,0.0,0.0,0.0,0.0,0.0,0.0,0.0,0.0,0.0
1451350923522324408,687,1451350923521732515,sonar_frame,0.0689999982715,5.1360001564,0.0,0.9020575881,1.05817043781,0.0,1.12834072113,0.643999993801,0.0,1.36155664921,0.23780888319,0.0,1.42261469364,-0.248575076461,0.0,1.58213806152,-0.90600001812,0.0,1.58212685585,-1.86864554882,0.0,0.0689999982715,-5.1360001564,0.0,0.0,0.0,0.0,0.0,0.0,0.0,0.0,0.0,0.0,0.0,0.0,0.0,0.0,0.0,0.0,0.0,0.0,0.0,0.0,0.0,0.0,0.0,0.0,0.0
1451350923622436797,688,1451350923621680997,sonar_frame,0.0689999982715,5.1360001564,0.0,0.9020575881,1.05817043781,0.0,1.12834072113,0.643999993801,0.0,1.36155664921,0.23780888319,0.0,1.4216299057,-0.248401433229,0.0,1.58213806152,-0.90600001812,0.0,1.58212685585,-1.86864554882,0.0,0.0689999982715,-5.1360001564,0.0,0.0,0.0,0.0,0.0,0.0,0.0,0.0,0.0,0.0,0.0,0.0,0.0,0.0,0.0,0.0,0.0,0.0,0.0,0.0,0.0,0.0,0.0,0.0,0.0
1451350923722629397,689,1451350923721859856,sonar_frame,0.0689999982715,5.1360001564,0.0,0.9020575881,1.05817043781,0.0,1.12834072113,0.643999993801,0.0,1.36155664921,0.23780888319,0.0,1.42261469364,-0.248575076461,0.0,1.58213806152,-0.90600001812,0.0,1.58212685585,-1.86864554882,0.0,0.0689999982715,-5.1360001564,0.0,0.0,0.0,0.0,0.0,0.0,0.0,0.0,0.0,0.0,0.0,0.0,0.0,0.0,0.0,0.0,0.0,0.0,0.0,0.0,0.0,0.0,0.0,0.0,0.0
1451350923822456660,690,1451350923821830832,sonar_frame,0.0689999982715,5.1360001564,0.0,0.9020575881,1.05817043781,0.0,1.12834072113,0.643999993801,0.0,1.36254143715,0.237982541323,0.0,1.4216299057,-0.248401433229,0.0,1.58213806152,-0.90600001812,0.0,1.58212685585,-1.86864554882,0.0,0.0689999982715,-5.1360001564,0.0,0.0,0.0,0.0,0.0,0.0,0.0,0.0,0.0,0.0,0.0,0.0,0.0,0.0,0.0,0.0,0.0,0.0,0.0,0.0,0.0,0.0,0.0,0.0,0.0
1451350923923649780,691,1451350923921760354,sonar_frame,0.0689999982715,5.1360001564,0.0,0.9020575881,1.05817043781,0.0,1.12834072113,0.643999993801,0.0,1.36155664921,0.23780888319,0.0,1.4216299057,-0.248401433229,0.0,1.58213806152,-0.90600001812,0.0,1.58212685585,-1.86864554882,0.0,0.0689999982715,-5.1360001564,0.0,0.0,0.0,0.0,0.0,0.0,0.0,0.0,0.0,0.0,0.0,0.0,0.0,0.0,0.0,0.0,0.0,0.0,0.0,0.0,0.0,0.0,0.0,0.0,0.0
1451350924022957958,692,1451350924021603950,sonar_frame,0.0689999982715,5.1360001564,0.0,0.9020575881,1.05817043781,0.0,1.12834072113,0.643999993801,0.0,1.36254143715,0.237982541323,0.0,1.4216299057,-0.248401433229,0.0,1.58213806152,-0.90600001812,0.0,1.58212685585,-1.86864554882,0.0,0.0689999982715,-5.1360001564,0.0,0.0,0.0,0.0,0.0,0.0,0.0,0.0,0.0,0.0,0.0,0.0,0.0,0.0,0.0,0.0,0.0,0.0,0.0,0.0,0.0,0.0,0.0,0.0,0.0
1451350924122693566,693,1451350924121968555,sonar_frame,0.0689999982715,5.1360001564,0.0,0.9020575881,1.05817043781,0.0,1.12834072113,0.643999993801,0.0,1.36254143715,0.237982541323,0.0,1.42261469364,-0.248575076461,0.0,1.58213806152,-0.90600001812,0.0,1.58212685585,-1.86864554882,0.0,0.0689999982715,-5.1360001564,0.0,0.0,0.0,0.0,0.0,0.0,0.0,0.0,0.0,0.0,0.0,0.0,0.0,0.0,0.0,0.0,0.0,0.0,0.0,0.0,0.0,0.0,0.0,0.0,0.0
1451350924223019152,694,1451350924222319443,sonar_frame,0.0689999982715,5.1360001564,0.0,0.9020575881,1.05817043781,0.0,1.12834072113,0.643999993801,0.0,1.36155664921,0.23780888319,0.0,1.4216299057,-0.248401433229,0.0,1.58213806152,-0.90600001812,0.0,1.58212685585,-1.86864554882,0.0,0.0689999982715,-5.1360001564,0.0,0.0,0.0,0.0,0.0,0.0,0.0,0.0,0.0,0.0,0.0,0.0,0.0,0.0,0.0,0.0,0.0,0.0,0.0,0.0,0.0,0.0,0.0,0.0,0.0
1451350924323956153,695,1451350924322934738,sonar_frame,0.0689999982715,5.1360001564,0.0,0.9020575881,1.05817043781,0.0,1.12834072113,0.643999993801,0.0,1.36155664921,0.23780888319,0.0,1.4216299057,-0.248401433229,0.0,1.58213806152,-0.90600001812,0.0,1.58212685585,-1.86864554882,0.0,0.0689999982715,-5.1360001564,0.0,0.0,0.0,0.0,0.0,0.0,0.0,0.0,0.0,0.0,0.0,0.0,0.0,0.0,0.0,0.0,0.0,0.0,0.0,0.0,0.0,0.0,0.0,0.0,0.0
1451350924423848563,696,1451350924423220790,sonar_frame,0.0689999982715,5.1360001564,0.0,0.9020575881,1.05817043781,0.0,1.12834072113,0.643999993801,0.0,1.36254143715,0.237982541323,0.0,1.4216299057,-0.248401433229,0.0,1.58213806152,-0.90600001812,0.0,1.58212685585,-1.86864554882,0.0,0.0689999982715,-5.1360001564,0.0,0.0,0.0,0.0,0.0,0.0,0.0,0.0,0.0,0.0,0.0,0.0,0.0,0.0,0.0,0.0,0.0,0.0,0.0,0.0,0.0,0.0,0.0,0.0,0.0
1451350924523843669,697,1451350924523164431,sonar_frame,0.0689999982715,5.1360001564,0.0,0.9020575881,1.05817043781,0.0,1.12834072113,0.643999993801,0.0,1.36155664921,0.23780888319,0.0,1.42261469364,-0.248575076461,0.0,1.58213806152,-0.90600001812,0.0,1.58212685585,-1.86864554882,0.0,0.0689999982715,-5.1360001564,0.0,0.0,0.0,0.0,0.0,0.0,0.0,0.0,0.0,0.0,0.0,0.0,0.0,0.0,0.0,0.0,0.0,0.0,0.0,0.0,0.0,0.0,0.0,0.0,0.0
1451350924624259975,698,1451350924623111270,sonar_frame,0.0689999982715,5.1360001564,0.0,0.9020575881,1.05817043781,0.0,1.12834072113,0.643999993801,0.0,1.36155664921,0.23780888319,0.0,1.4216299057,-0.248401433229,0.0,1.58213806152,-0.90600001812,0.0,1.58212685585,-1.86864554882,0.0,0.0689999982715,-5.1360001564,0.0,0.0,0.0,0.0,0.0,0.0,0.0,0.0,0.0,0.0,0.0,0.0,0.0,0.0,0.0,0.0,0.0,0.0,0.0,0.0,0.0,0.0,0.0,0.0,0.0
1451350924724613326,699,1451350924723955387,sonar_frame,0.0689999982715,5.1360001564,0.0,0.9020575881,1.05817043781,0.0,1.12834072113,0.643999993801,0.0,1.36254143715,0.237982541323,0.0,1.4216299057,-0.248401433229,0.0,1.58213806152,-0.90600001812,0.0,1.58212685585,-1.86864554882,0.0,0.0689999982715,-5.1360001564,0.0,0.0,0.0,0.0,0.0,0.0,0.0,0.0,0.0,0.0,0.0,0.0,0.0,0.0,0.0,0.0,0.0,0.0,0.0,0.0,0.0,0.0,0.0,0.0,0.0
1451350924826172137,700,1451350924824607687,sonar_frame,0.0689999982715,5.1360001564,0.0,0.9020575881,1.05817043781,0.0,1.12834072113,0.643999993801,0.0,1.36155664921,0.23780888319,0.0,1.4216299057,-0.248401433229,0.0,1.58213806152,-0.90600001812,0.0,1.58212685585,-1.86864554882,0.0,0.0689999982715,-5.1360001564,0.0,0.0,0.0,0.0,0.0,0.0,0.0,0.0,0.0,0.0,0.0,0.0,0.0,0.0,0.0,0.0,0.0,0.0,0.0,0.0,0.0,0.0,0.0,0.0,0.0
1451350924925502739,701,1451350924924848644,sonar_frame,0.0689999982715,5.1360001564,0.0,0.9020575881,1.05817043781,0.0,1.12834072113,0.643999993801,0.0,1.36155664921,0.23780888319,0.0,1.4216299057,-0.248401433229,0.0,1.58213806152,-0.90600001812,0.0,1.58212685585,-1.86864554882,0.0,0.0689999982715,-5.1360001564,0.0,0.0,0.0,0.0,0.0,0.0,0.0,0.0,0.0,0.0,0.0,0.0,0.0,0.0,0.0,0.0,0.0,0.0,0.0,0.0,0.0,0.0,0.0,0.0,0.0
1451350925025205267,702,1451350925024358090,sonar_frame,0.0689999982715,5.1360001564,0.0,0.9020575881,1.05817043781,0.0,1.12834072113,0.643999993801,0.0,1.36254143715,0.237982541323,0.0,1.42261469364,-0.248575076461,0.0,1.58213806152,-0.90600001812,0.0,1.58212685585,-1.86864554882,0.0,0.0689999982715,-5.1360001564,0.0,0.0,0.0,0.0,0.0,0.0,0.0,0.0,0.0,0.0,0.0,0.0,0.0,0.0,0.0,0.0,0.0,0.0,0.0,0.0,0.0,0.0,0.0,0.0,0.0
1451350925125432343,703,1451350925124738911,sonar_frame,0.0689999982715,5.1360001564,0.0,0.9020575881,1.05817043781,0.0,1.12834072113,0.643999993801,0.0,1.36254143715,0.237982541323,0.0,1.4216299057,-0.248401433229,0.0,1.58213806152,-0.90600001812,0.0,1.58212685585,-1.86864554882,0.0,0.0689999982715,-5.1360001564,0.0,0.0,0.0,0.0,0.0,0.0,0.0,0.0,0.0,0.0,0.0,0.0,0.0,0.0,0.0,0.0,0.0,0.0,0.0,0.0,0.0,0.0,0.0,0.0,0.0
1451350925224832457,704,1451350925224161610,sonar_frame,0.0689999982715,5.1360001564,0.0,0.9020575881,1.05817043781,0.0,1.12834072113,0.643999993801,0.0,1.36254143715,0.237982541323,0.0,1.42261469364,-0.248575076461,0.0,1.58213806152,-0.90600001812,0.0,1.58212685585,-1.86864554882,0.0,0.0689999982715,-5.1360001564,0.0,0.0,0.0,0.0,0.0,0.0,0.0,0.0,0.0,0.0,0.0,0.0,0.0,0.0,0.0,0.0,0.0,0.0,0.0,0.0,0.0,0.0,0.0,0.0,0.0
1451350925325424001,705,1451350925324712895,sonar_frame,0.0689999982715,5.1360001564,0.0,0.9020575881,1.05817043781,0.0,1.12834072113,0.643999993801,0.0,1.36254143715,0.237982541323,0.0,1.4216299057,-0.248401433229,0.0,1.58213806152,-0.90600001812,0.0,1.58212685585,-1.86864554882,0.0,0.0689999982715,-5.1360001564,0.0,0.0,0.0,0.0,0.0,0.0,0.0,0.0,0.0,0.0,0.0,0.0,0.0,0.0,0.0,0.0,0.0,0.0,0.0,0.0,0.0,0.0,0.0,0.0,0.0
1451350925425474012,706,1451350925424794001,sonar_frame,0.0689999982715,5.1360001564,0.0,0.9020575881,1.05817043781,0.0,1.12834072113,0.643999993801,0.0,1.36254143715,0.237982541323,0.0,1.4216299057,-0.248401433229,0.0,1.58213806152,-0.90600001812,0.0,1.58212685585,-1.86864554882,0.0,0.0689999982715,-5.1360001564,0.0,0.0,0.0,0.0,0.0,0.0,0.0,0.0,0.0,0.0,0.0,0.0,0.0,0.0,0.0,0.0,0.0,0.0,0.0,0.0,0.0,0.0,0.0,0.0,0.0
1451350925525489238,707,1451350925524665452,sonar_frame,0.0689999982715,5.1360001564,0.0,0.9020575881,1.05817043781,0.0,1.12834072113,0.643999993801,0.0,1.36155664921,0.23780888319,0.0,1.42261469364,-0.248575076461,0.0,1.58213806152,-0.90600001812,0.0,1.58212685585,-1.86864554882,0.0,0.0689999982715,-5.1360001564,0.0,0.0,0.0,0.0,0.0,0.0,0.0,0.0,0.0,0.0,0.0,0.0,0.0,0.0,0.0,0.0,0.0,0.0,0.0,0.0,0.0,0.0,0.0,0.0,0.0
1451350925625465770,708,1451350925624611533,sonar_frame,0.0689999982715,5.1360001564,0.0,0.9020575881,1.05817043781,0.0,1.12834072113,0.643999993801,0.0,1.36155664921,0.23780888319,0.0,1.4216299057,-0.248401433229,0.0,1.58213806152,-0.90600001812,0.0,1.58212685585,-1.86864554882,0.0,0.0689999982715,-5.1360001564,0.0,0.0,0.0,0.0,0.0,0.0,0.0,0.0,0.0,0.0,0.0,0.0,0.0,0.0,0.0,0.0,0.0,0.0,0.0,0.0,0.0,0.0,0.0,0.0,0.0
1451350925725224146,709,1451350925724483696,sonar_frame,0.0689999982715,5.1360001564,0.0,0.9020575881,1.05817043781,0.0,1.12834072113,0.643999993801,0.0,1.36254143715,0.237982541323,0.0,1.4216299057,-0.248401433229,0.0,1.58213806152,-0.90600001812,0.0,1.58212685585,-1.86864554882,0.0,0.0689999982715,-5.1360001564,0.0,0.0,0.0,0.0,0.0,0.0,0.0,0.0,0.0,0.0,0.0,0.0,0.0,0.0,0.0,0.0,0.0,0.0,0.0,0.0,0.0,0.0,0.0,0.0,0.0
1451350925825488124,710,1451350925824620308,sonar_frame,0.0689999982715,5.1360001564,0.0,0.9020575881,1.05817043781,0.0,1.12834072113,0.643999993801,0.0,1.36254143715,0.237982541323,0.0,1.4216299057,-0.248401433229,0.0,1.58213806152,-0.90600001812,0.0,1.58212685585,-1.86864554882,0.0,0.0689999982715,-5.1360001564,0.0,0.0,0.0,0.0,0.0,0.0,0.0,0.0,0.0,0.0,0.0,0.0,0.0,0.0,0.0,0.0,0.0,0.0,0.0,0.0,0.0,0.0,0.0,0.0,0.0
1451350925925601384,711,1451350925924788830,sonar_frame,0.0689999982715,5.1360001564,0.0,0.9020575881,1.05817043781,0.0,1.12834072113,0.643999993801,0.0,1.36254143715,0.237982541323,0.0,1.42261469364,-0.248575076461,0.0,1.58213806152,-0.90600001812,0.0,1.58212685585,-1.86864554882,0.0,0.0689999982715,-5.1360001564,0.0,0.0,0.0,0.0,0.0,0.0,0.0,0.0,0.0,0.0,0.0,0.0,0.0,0.0,0.0,0.0,0.0,0.0,0.0,0.0,0.0,0.0,0.0,0.0,0.0
1451350926025481584,712,1451350926024667873,sonar_frame,0.0689999982715,5.1360001564,0.0,0.9020575881,1.05817043781,0.0,1.12834072113,0.643999993801,0.0,1.36155664921,0.23780888319,0.0,1.42261469364,-0.248575076461,0.0,1.58213806152,-0.90600001812,0.0,1.58212685585,-1.86864554882,0.0,0.0689999982715,-5.1360001564,0.0,0.0,0.0,0.0,0.0,0.0,0.0,0.0,0.0,0.0,0.0,0.0,0.0,0.0,0.0,0.0,0.0,0.0,0.0,0.0,0.0,0.0,0.0,0.0,0.0
1451350926125247341,713,1451350926124316060,sonar_frame,0.0689999982715,5.1360001564,0.0,0.9020575881,1.05817043781,0.0,1.12834072113,0.643999993801,0.0,1.36155664921,0.23780888319,0.0,1.4216299057,-0.248401433229,0.0,1.58213806152,-0.90600001812,0.0,1.58212685585,-1.86864554882,0.0,0.0689999982715,-5.1360001564,0.0,0.0,0.0,0.0,0.0,0.0,0.0,0.0,0.0,0.0,0.0,0.0,0.0,0.0,0.0,0.0,0.0,0.0,0.0,0.0,0.0,0.0,0.0,0.0,0.0
1451350926225540617,714,1451350926224619049,sonar_frame,0.0689999982715,5.1360001564,0.0,0.9020575881,1.05817043781,0.0,1.12834072113,0.643999993801,0.0,1.36155664921,0.23780888319,0.0,1.4216299057,-0.248401433229,0.0,1.58213806152,-0.90600001812,0.0,1.58212685585,-1.86864554882,0.0,0.0689999982715,-5.1360001564,0.0,0.0,0.0,0.0,0.0,0.0,0.0,0.0,0.0,0.0,0.0,0.0,0.0,0.0,0.0,0.0,0.0,0.0,0.0,0.0,0.0,0.0,0.0,0.0,0.0
1451350926325414432,715,1451350926324440660,sonar_frame,0.0689999982715,5.1360001564,0.0,0.9020575881,1.05817043781,0.0,1.12834072113,0.643999993801,0.0,1.36254143715,0.237982541323,0.0,1.4216299057,-0.248401433229,0.0,1.58213806152,-0.90600001812,0.0,1.58212685585,-1.86864554882,0.0,0.0689999982715,-5.1360001564,0.0,0.0,0.0,0.0,0.0,0.0,0.0,0.0,0.0,0.0,0.0,0.0,0.0,0.0,0.0,0.0,0.0,0.0,0.0,0.0,0.0,0.0,0.0,0.0,0.0
1451350926425240381,716,1451350926424434751,sonar_frame,0.0689999982715,5.1360001564,0.0,0.9020575881,1.05817043781,0.0,1.12834072113,0.643999993801,0.0,1.36254143715,0.237982541323,0.0,1.4216299057,-0.248401433229,0.0,1.58213806152,-0.90600001812,0.0,1.58212685585,-1.86864554882,0.0,0.0689999982715,-5.1360001564,0.0,0.0,0.0,0.0,0.0,0.0,0.0,0.0,0.0,0.0,0.0,0.0,0.0,0.0,0.0,0.0,0.0,0.0,0.0,0.0,0.0,0.0,0.0,0.0,0.0
1451350926525289723,717,1451350926524368075,sonar_frame,0.0689999982715,5.1360001564,0.0,0.9020575881,1.05817043781,0.0,1.12834072113,0.643999993801,0.0,1.36155664921,0.23780888319,0.0,1.4216299057,-0.248401433229,0.0,1.58213806152,-0.90600001812,0.0,1.58212685585,-1.86864554882,0.0,0.0689999982715,-5.1360001564,0.0,0.0,0.0,0.0,0.0,0.0,0.0,0.0,0.0,0.0,0.0,0.0,0.0,0.0,0.0,0.0,0.0,0.0,0.0,0.0,0.0,0.0,0.0,0.0,0.0
1451350926625554795,718,1451350926624493788,sonar_frame,0.0689999982715,5.1360001564,0.0,0.9020575881,1.05817043781,0.0,1.12834072113,0.643999993801,0.0,1.36155664921,0.23780888319,0.0,1.4216299057,-0.248401433229,0.0,1.58213806152,-0.90600001812,0.0,1.58212685585,-1.86864554882,0.0,0.0689999982715,-5.1360001564,0.0,0.0,0.0,0.0,0.0,0.0,0.0,0.0,0.0,0.0,0.0,0.0,0.0,0.0,0.0,0.0,0.0,0.0,0.0,0.0,0.0,0.0,0.0,0.0,0.0
1451350926725049971,719,1451350926724403377,sonar_frame,0.0689999982715,5.1360001564,0.0,0.9020575881,1.05817043781,0.0,1.12834072113,0.643999993801,0.0,1.36155664921,0.23780888319,0.0,1.4216299057,-0.248401433229,0.0,1.58213806152,-0.90600001812,0.0,1.58212685585,-1.86864554882,0.0,0.0689999982715,-5.1360001564,0.0,0.0,0.0,0.0,0.0,0.0,0.0,0.0,0.0,0.0,0.0,0.0,0.0,0.0,0.0,0.0,0.0,0.0,0.0,0.0,0.0,0.0,0.0,0.0,0.0
1451350926824967375,720,1451350926824311710,sonar_frame,0.0689999982715,5.1360001564,0.0,0.9020575881,1.05817043781,0.0,1.12834072113,0.643999993801,0.0,1.36254143715,0.237982541323,0.0,1.4216299057,-0.248401433229,0.0,1.58213806152,-0.90600001812,0.0,1.58212685585,-1.86864554882,0.0,0.0689999982715,-5.1360001564,0.0,0.0,0.0,0.0,0.0,0.0,0.0,0.0,0.0,0.0,0.0,0.0,0.0,0.0,0.0,0.0,0.0,0.0,0.0,0.0,0.0,0.0,0.0,0.0,0.0
1451350926924976354,721,1451350926924336345,sonar_frame,0.0689999982715,5.1360001564,0.0,0.9020575881,1.05817043781,0.0,1.12834072113,0.643999993801,0.0,1.36155664921,0.23780888319,0.0,1.42261469364,-0.248575076461,0.0,1.58213806152,-0.90600001812,0.0,1.58212685585,-1.86864554882,0.0,0.0689999982715,-5.1360001564,0.0,0.0,0.0,0.0,0.0,0.0,0.0,0.0,0.0,0.0,0.0,0.0,0.0,0.0,0.0,0.0,0.0,0.0,0.0,0.0,0.0,0.0,0.0,0.0,0.0
1451350927025459553,722,1451350927024720498,sonar_frame,0.0689999982715,5.1360001564,0.0,0.9020575881,1.05817043781,0.0,1.12834072113,0.643999993801,0.0,1.36155664921,0.23780888319,0.0,1.42261469364,-0.248575076461,0.0,1.58213806152,-0.90600001812,0.0,1.58212685585,-1.86864554882,0.0,0.0689999982715,-5.1360001564,0.0,0.0,0.0,0.0,0.0,0.0,0.0,0.0,0.0,0.0,0.0,0.0,0.0,0.0,0.0,0.0,0.0,0.0,0.0,0.0,0.0,0.0,0.0,0.0,0.0
1451350927124744987,723,1451350927124109131,sonar_frame,0.0689999982715,5.1360001564,0.0,0.9020575881,1.05817043781,0.0,1.12834072113,0.643999993801,0.0,1.36254143715,0.237982541323,0.0,1.42261469364,-0.248575076461,0.0,1.58213806152,-0.90600001812,0.0,1.58212685585,-1.86864554882,0.0,0.0689999982715,-5.1360001564,0.0,0.0,0.0,0.0,0.0,0.0,0.0,0.0,0.0,0.0,0.0,0.0,0.0,0.0,0.0,0.0,0.0,0.0,0.0,0.0,0.0,0.0,0.0,0.0,0.0
1451350927225245211,724,1451350927224402928,sonar_frame,0.0689999982715,5.1360001564,0.0,0.9020575881,1.05817043781,0.0,1.12834072113,0.643999993801,0.0,1.36254143715,0.237982541323,0.0,1.42261469364,-0.248575076461,0.0,1.58213806152,-0.90600001812,0.0,1.58212685585,-1.86864554882,0.0,0.0689999982715,-5.1360001564,0.0,0.0,0.0,0.0,0.0,0.0,0.0,0.0,0.0,0.0,0.0,0.0,0.0,0.0,0.0,0.0,0.0,0.0,0.0,0.0,0.0,0.0,0.0,0.0,0.0
1451350927325572031,725,1451350927324773032,sonar_frame,0.0689999982715,5.1360001564,0.0,0.9020575881,1.05817043781,0.0,1.12834072113,0.643999993801,0.0,1.36155664921,0.23780888319,0.0,1.4216299057,-0.248401433229,0.0,1.58213806152,-0.90600001812,0.0,1.58212685585,-1.86864554882,0.0,0.0689999982715,-5.1360001564,0.0,0.0,0.0,0.0,0.0,0.0,0.0,0.0,0.0,0.0,0.0,0.0,0.0,0.0,0.0,0.0,0.0,0.0,0.0,0.0,0.0,0.0,0.0,0.0,0.0
1451350927424533403,726,1451350927424021644,sonar_frame,0.0689999982715,5.1360001564,0.0,0.9020575881,1.05817043781,0.0,1.12834072113,0.643999993801,0.0,1.36155664921,0.23780888319,0.0,1.4216299057,-0.248401433229,0.0,1.58213806152,-0.90600001812,0.0,1.58212685585,-1.86864554882,0.0,0.0689999982715,-5.1360001564,0.0,0.0,0.0,0.0,0.0,0.0,0.0,0.0,0.0,0.0,0.0,0.0,0.0,0.0,0.0,0.0,0.0,0.0,0.0,0.0,0.0,0.0,0.0,0.0,0.0
1451350927525363512,727,1451350927524880990,sonar_frame,0.0689999982715,5.1360001564,0.0,0.9020575881,1.05817043781,0.0,1.12834072113,0.643999993801,0.0,1.36155664921,0.23780888319,0.0,1.42261469364,-0.248575076461,0.0,1.58213806152,-0.90600001812,0.0,1.58212685585,-1.86864554882,0.0,0.0689999982715,-5.1360001564,0.0,0.0,0.0,0.0,0.0,0.0,0.0,0.0,0.0,0.0,0.0,0.0,0.0,0.0,0.0,0.0,0.0,0.0,0.0,0.0,0.0,0.0,0.0,0.0,0.0
1451350927626328872,728,1451350927625663167,sonar_frame,0.0689999982715,5.1360001564,0.0,0.9020575881,1.05817043781,0.0,1.12834072113,0.643999993801,0.0,1.36155664921,0.23780888319,0.0,1.42261469364,-0.248575076461,0.0,1.58213806152,-0.90600001812,0.0,1.58212685585,-1.86864554882,0.0,0.0689999982715,-5.1360001564,0.0,0.0,0.0,0.0,0.0,0.0,0.0,0.0,0.0,0.0,0.0,0.0,0.0,0.0,0.0,0.0,0.0,0.0,0.0,0.0,0.0,0.0,0.0,0.0,0.0
1451350927726208085,729,1451350927725523971,sonar_frame,0.0689999982715,5.1360001564,0.0,0.9020575881,1.05817043781,0.0,1.12834072113,0.643999993801,0.0,1.36254143715,0.237982541323,0.0,1.4216299057,-0.248401433229,0.0,1.58213806152,-0.90600001812,0.0,1.58212685585,-1.86864554882,0.0,0.0689999982715,-5.1360001564,0.0,0.0,0.0,0.0,0.0,0.0,0.0,0.0,0.0,0.0,0.0,0.0,0.0,0.0,0.0,0.0,0.0,0.0,0.0,0.0,0.0,0.0,0.0,0.0,0.0
1451350927826320018,730,1451350927825668622,sonar_frame,0.0689999982715,5.1360001564,0.0,0.9020575881,1.05817043781,0.0,1.12834072113,0.643999993801,0.0,1.36155664921,0.23780888319,0.0,1.42261469364,-0.248575076461,0.0,1.58213806152,-0.90600001812,0.0,1.58212685585,-1.86864554882,0.0,0.0689999982715,-5.1360001564,0.0,0.0,0.0,0.0,0.0,0.0,0.0,0.0,0.0,0.0,0.0,0.0,0.0,0.0,0.0,0.0,0.0,0.0,0.0,0.0,0.0,0.0,0.0,0.0,0.0
1451350927926488467,731,1451350927925842516,sonar_frame,0.0689999982715,5.1360001564,0.0,0.9020575881,1.05817043781,0.0,1.12834072113,0.643999993801,0.0,1.36155664921,0.23780888319,0.0,1.4216299057,-0.248401433229,0.0,1.58213806152,-0.90600001812,0.0,1.58212685585,-1.86864554882,0.0,0.0689999982715,-5.1360001564,0.0,0.0,0.0,0.0,0.0,0.0,0.0,0.0,0.0,0.0,0.0,0.0,0.0,0.0,0.0,0.0,0.0,0.0,0.0,0.0,0.0,0.0,0.0,0.0,0.0
1451350928026259194,732,1451350928025539846,sonar_frame,0.0689999982715,5.1360001564,0.0,0.9020575881,1.05817043781,0.0,1.12834072113,0.643999993801,0.0,1.36254143715,0.237982541323,0.0,1.42261469364,-0.248575076461,0.0,1.58213806152,-0.90600001812,0.0,1.58212685585,-1.86864554882,0.0,0.0689999982715,-5.1360001564,0.0,0.0,0.0,0.0,0.0,0.0,0.0,0.0,0.0,0.0,0.0,0.0,0.0,0.0,0.0,0.0,0.0,0.0,0.0,0.0,0.0,0.0,0.0,0.0,0.0
1451350928127453458,733,1451350928125991619,sonar_frame,0.0689999982715,5.1360001564,0.0,0.9020575881,1.05817043781,0.0,1.12834072113,0.643999993801,0.0,1.36155664921,0.23780888319,0.0,1.42261469364,-0.248575076461,0.0,1.58213806152,-0.90600001812,0.0,1.58212685585,-1.86864554882,0.0,0.0689999982715,-5.1360001564,0.0,0.0,0.0,0.0,0.0,0.0,0.0,0.0,0.0,0.0,0.0,0.0,0.0,0.0,0.0,0.0,0.0,0.0,0.0,0.0,0.0,0.0,0.0,0.0,0.0
1451350928227532747,734,1451350928226672131,sonar_frame,0.0689999982715,5.1360001564,0.0,0.9020575881,1.05817043781,0.0,1.12834072113,0.643999993801,0.0,1.36254143715,0.237982541323,0.0,1.42261469364,-0.248575076461,0.0,1.58213806152,-0.90600001812,0.0,1.58212685585,-1.86864554882,0.0,0.0689999982715,-5.1360001564,0.0,0.0,0.0,0.0,0.0,0.0,0.0,0.0,0.0,0.0,0.0,0.0,0.0,0.0,0.0,0.0,0.0,0.0,0.0,0.0,0.0,0.0,0.0,0.0,0.0
1451350928326792274,735,1451350928326211468,sonar_frame,0.0689999982715,5.1360001564,0.0,0.9020575881,1.05817043781,0.0,1.12834072113,0.643999993801,0.0,1.36155664921,0.23780888319,0.0,1.42261469364,-0.248575076461,0.0,1.58213806152,-0.90600001812,0.0,1.58212685585,-1.86864554882,0.0,0.0689999982715,-5.1360001564,0.0,0.0,0.0,0.0,0.0,0.0,0.0,0.0,0.0,0.0,0.0,0.0,0.0,0.0,0.0,0.0,0.0,0.0,0.0,0.0,0.0,0.0,0.0,0.0,0.0
1451350928426804363,736,1451350928426139245,sonar_frame,0.0689999982715,5.1360001564,0.0,0.9020575881,1.05817043781,0.0,1.12834072113,0.643999993801,0.0,1.36254143715,0.237982541323,0.0,1.4216299057,-0.248401433229,0.0,1.58213806152,-0.90600001812,0.0,1.58212685585,-1.86864554882,0.0,0.0689999982715,-5.1360001564,0.0,0.0,0.0,0.0,0.0,0.0,0.0,0.0,0.0,0.0,0.0,0.0,0.0,0.0,0.0,0.0,0.0,0.0,0.0,0.0,0.0,0.0,0.0,0.0,0.0
1451350928526713992,737,1451350928526052036,sonar_frame,0.0689999982715,5.1360001564,0.0,0.9020575881,1.05817043781,0.0,1.12834072113,0.643999993801,0.0,1.36155664921,0.23780888319,0.0,1.42261469364,-0.248575076461,0.0,1.58213806152,-0.90600001812,0.0,1.58212685585,-1.86864554882,0.0,0.0689999982715,-5.1360001564,0.0,0.0,0.0,0.0,0.0,0.0,0.0,0.0,0.0,0.0,0.0,0.0,0.0,0.0,0.0,0.0,0.0,0.0,0.0,0.0,0.0,0.0,0.0,0.0,0.0
1451350928627328837,738,1451350928626003926,sonar_frame,0.0689999982715,5.1360001564,0.0,0.9020575881,1.05817043781,0.0,1.12834072113,0.643999993801,0.0,1.36155664921,0.23780888319,0.0,1.4216299057,-0.248401433229,0.0,1.58213806152,-0.90600001812,0.0,1.58212685585,-1.86864554882,0.0,0.0689999982715,-5.1360001564,0.0,0.0,0.0,0.0,0.0,0.0,0.0,0.0,0.0,0.0,0.0,0.0,0.0,0.0,0.0,0.0,0.0,0.0,0.0,0.0,0.0,0.0,0.0,0.0,0.0
1451350928727932507,739,1451350928726971572,sonar_frame,0.0689999982715,5.1360001564,0.0,0.9020575881,1.05817043781,0.0,1.12834072113,0.643999993801,0.0,1.36254143715,0.237982541323,0.0,1.4216299057,-0.248401433229,0.0,1.58213806152,-0.90600001812,0.0,1.58212685585,-1.86864554882,0.0,0.0689999982715,-5.1360001564,0.0,0.0,0.0,0.0,0.0,0.0,0.0,0.0,0.0,0.0,0.0,0.0,0.0,0.0,0.0,0.0,0.0,0.0,0.0,0.0,0.0,0.0,0.0,0.0,0.0
1451350928828198570,740,1451350928827216729,sonar_frame,0.0689999982715,5.1360001564,0.0,0.9020575881,1.05817043781,0.0,1.12834072113,0.643999993801,0.0,1.36155664921,0.23780888319,0.0,1.4216299057,-0.248401433229,0.0,1.58213806152,-0.90600001812,0.0,1.58212685585,-1.86864554882,0.0,0.0689999982715,-5.1360001564,0.0,0.0,0.0,0.0,0.0,0.0,0.0,0.0,0.0,0.0,0.0,0.0,0.0,0.0,0.0,0.0,0.0,0.0,0.0,0.0,0.0,0.0,0.0,0.0,0.0
1451350928927951545,741,1451350928927132412,sonar_frame,0.0689999982715,5.1360001564,0.0,0.9020575881,1.05817043781,0.0,1.12834072113,0.643999993801,0.0,1.36254143715,0.237982541323,0.0,1.4216299057,-0.248401433229,0.0,1.58213806152,-0.90600001812,0.0,1.58212685585,-1.86864554882,0.0,0.0689999982715,-5.1360001564,0.0,0.0,0.0,0.0,0.0,0.0,0.0,0.0,0.0,0.0,0.0,0.0,0.0,0.0,0.0,0.0,0.0,0.0,0.0,0.0,0.0,0.0,0.0,0.0,0.0
1451350929028472298,742,1451350929027691789,sonar_frame,0.0689999982715,5.1360001564,0.0,0.9020575881,1.05817043781,0.0,1.12834072113,0.643999993801,0.0,1.36254143715,0.237982541323,0.0,1.42261469364,-0.248575076461,0.0,1.58213806152,-0.90600001812,0.0,1.58212685585,-1.86864554882,0.0,0.0689999982715,-5.1360001564,0.0,0.0,0.0,0.0,0.0,0.0,0.0,0.0,0.0,0.0,0.0,0.0,0.0,0.0,0.0,0.0,0.0,0.0,0.0,0.0,0.0,0.0,0.0,0.0,0.0
1451350929127784641,743,1451350929127114400,sonar_frame,0.0689999982715,5.1360001564,0.0,0.9020575881,1.05817043781,0.0,1.12834072113,0.643999993801,0.0,1.36155664921,0.23780888319,0.0,1.4216299057,-0.248401433229,0.0,1.58213806152,-0.90600001812,0.0,1.58212685585,-1.86864554882,0.0,0.0689999982715,-5.1360001564,0.0,0.0,0.0,0.0,0.0,0.0,0.0,0.0,0.0,0.0,0.0,0.0,0.0,0.0,0.0,0.0,0.0,0.0,0.0,0.0,0.0,0.0,0.0,0.0,0.0
1451350929228413514,744,1451350929227473461,sonar_frame,0.0689999982715,5.1360001564,0.0,0.9020575881,1.05817043781,0.0,1.12834072113,0.643999993801,0.0,1.36254143715,0.237982541323,0.0,1.4216299057,-0.248401433229,0.0,1.58213806152,-0.90600001812,0.0,1.58212685585,-1.86864554882,0.0,0.0689999982715,-5.1360001564,0.0,0.0,0.0,0.0,0.0,0.0,0.0,0.0,0.0,0.0,0.0,0.0,0.0,0.0,0.0,0.0,0.0,0.0,0.0,0.0,0.0,0.0,0.0,0.0,0.0
1451350929327942066,745,1451350929327246677,sonar_frame,0.0689999982715,5.1360001564,0.0,0.9020575881,1.05817043781,0.0,1.12834072113,0.643999993801,0.0,1.36155664921,0.23780888319,0.0,1.4216299057,-0.248401433229,0.0,1.58213806152,-0.90600001812,0.0,1.58212685585,-1.86864554882,0.0,0.0689999982715,-5.1360001564,0.0,0.0,0.0,0.0,0.0,0.0,0.0,0.0,0.0,0.0,0.0,0.0,0.0,0.0,0.0,0.0,0.0,0.0,0.0,0.0,0.0,0.0,0.0,0.0,0.0
1451350929427902050,746,1451350929427224839,sonar_frame,0.0689999982715,5.1360001564,0.0,0.9020575881,1.05817043781,0.0,1.12834072113,0.643999993801,0.0,1.36155664921,0.23780888319,0.0,1.42261469364,-0.248575076461,0.0,1.58213806152,-0.90600001812,0.0,1.58212685585,-1.86864554882,0.0,0.0689999982715,-5.1360001564,0.0,0.0,0.0,0.0,0.0,0.0,0.0,0.0,0.0,0.0,0.0,0.0,0.0,0.0,0.0,0.0,0.0,0.0,0.0,0.0,0.0,0.0,0.0,0.0,0.0
1451350929528090230,747,1451350929527411430,sonar_frame,0.0689999982715,5.1360001564,0.0,0.9020575881,1.05817043781,0.0,1.12834072113,0.643999993801,0.0,1.36155664921,0.23780888319,0.0,1.4216299057,-0.248401433229,0.0,1.58213806152,-0.90600001812,0.0,1.58212685585,-1.86864554882,0.0,0.0689999982715,-5.1360001564,0.0,0.0,0.0,0.0,0.0,0.0,0.0,0.0,0.0,0.0,0.0,0.0,0.0,0.0,0.0,0.0,0.0,0.0,0.0,0.0,0.0,0.0,0.0,0.0,0.0
1451350929627932041,748,1451350929627301697,sonar_frame,0.0689999982715,5.1360001564,0.0,0.9020575881,1.05817043781,0.0,1.12834072113,0.643999993801,0.0,1.36254143715,0.237982541323,0.0,1.4216299057,-0.248401433229,0.0,1.58213806152,-0.90600001812,0.0,1.58212685585,-1.86864554882,0.0,0.0689999982715,-5.1360001564,0.0,0.0,0.0,0.0,0.0,0.0,0.0,0.0,0.0,0.0,0.0,0.0,0.0,0.0,0.0,0.0,0.0,0.0,0.0,0.0,0.0,0.0,0.0,0.0,0.0
1451350929728365904,749,1451350929727414610,sonar_frame,0.0689999982715,5.1360001564,0.0,0.9020575881,1.05817043781,0.0,1.12834072113,0.643999993801,0.0,1.36155664921,0.23780888319,0.0,1.42261469364,-0.248575076461,0.0,1.58213806152,-0.90600001812,0.0,1.58212685585,-1.86864554882,0.0,0.0689999982715,-5.1360001564,0.0,0.0,0.0,0.0,0.0,0.0,0.0,0.0,0.0,0.0,0.0,0.0,0.0,0.0,0.0,0.0,0.0,0.0,0.0,0.0,0.0,0.0,0.0,0.0,0.0
1451350929828294851,750,1451350929827403628,sonar_frame,0.0689999982715,5.1360001564,0.0,0.9020575881,1.05817043781,0.0,1.12834072113,0.643999993801,0.0,1.36254143715,0.237982541323,0.0,1.4216299057,-0.248401433229,0.0,1.58213806152,-0.90600001812,0.0,1.58212685585,-1.86864554882,0.0,0.0689999982715,-5.1360001564,0.0,0.0,0.0,0.0,0.0,0.0,0.0,0.0,0.0,0.0,0.0,0.0,0.0,0.0,0.0,0.0,0.0,0.0,0.0,0.0,0.0,0.0,0.0,0.0,0.0
1451350929928150316,751,1451350929927358493,sonar_frame,0.0689999982715,5.1360001564,0.0,0.9020575881,1.05817043781,0.0,1.12834072113,0.643999993801,0.0,1.36254143715,0.237982541323,0.0,1.4216299057,-0.248401433229,0.0,1.58213806152,-0.90600001812,0.0,1.58212685585,-1.86864554882,0.0,0.0689999982715,-5.1360001564,0.0,0.0,0.0,0.0,0.0,0.0,0.0,0.0,0.0,0.0,0.0,0.0,0.0,0.0,0.0,0.0,0.0,0.0,0.0,0.0,0.0,0.0,0.0,0.0,0.0
1451350930028531430,752,1451350930027866976,sonar_frame,0.0689999982715,5.1360001564,0.0,0.9020575881,1.05817043781,0.0,1.12834072113,0.643999993801,0.0,1.36155664921,0.23780888319,0.0,1.4216299057,-0.248401433229,0.0,1.58213806152,-0.90600001812,0.0,1.58212685585,-1.86864554882,0.0,0.0689999982715,-5.1360001564,0.0,0.0,0.0,0.0,0.0,0.0,0.0,0.0,0.0,0.0,0.0,0.0,0.0,0.0,0.0,0.0,0.0,0.0,0.0,0.0,0.0,0.0,0.0,0.0,0.0
1451350930128641310,753,1451350930127341370,sonar_frame,0.0689999982715,5.1360001564,0.0,0.9020575881,1.05817043781,0.0,1.12834072113,0.643999993801,0.0,1.36155664921,0.23780888319,0.0,1.42261469364,-0.248575076461,0.0,1.58213806152,-0.90600001812,0.0,1.58212685585,-1.86864554882,0.0,0.0689999982715,-5.1360001564,0.0,0.0,0.0,0.0,0.0,0.0,0.0,0.0,0.0,0.0,0.0,0.0,0.0,0.0,0.0,0.0,0.0,0.0,0.0,0.0,0.0,0.0,0.0,0.0,0.0
1451350930228777572,754,1451350930228025247,sonar_frame,0.0689999982715,5.1360001564,0.0,0.9020575881,1.05817043781,0.0,1.12834072113,0.643999993801,0.0,1.36254143715,0.237982541323,0.0,1.42261469364,-0.248575076461,0.0,1.58213806152,-0.90600001812,0.0,1.58212685585,-1.86864554882,0.0,0.0689999982715,-5.1360001564,0.0,0.0,0.0,0.0,0.0,0.0,0.0,0.0,0.0,0.0,0.0,0.0,0.0,0.0,0.0,0.0,0.0,0.0,0.0,0.0,0.0,0.0,0.0,0.0,0.0
